topic,alpha,word,weight
1,0.3333333333333333,別,2262
1,0.3333333333333333,離,1755
1,0.3333333333333333,思,927
1,0.3333333333333333,愁,908
1,0.3333333333333333,相,901
1,0.3333333333333333,恨,889
1,0.3333333333333333,情,866
1,0.3333333333333333,夢,622
1,0.3333333333333333,淚,611
1,0.3333333333333333,堪,401
1,0.3333333333333333,送,365
1,0.3333333333333333,傷,350
1,0.3333333333333333,遠,332
1,0.3333333333333333,斷,314
1,0.3333333333333333,寄,291
1,0.3333333333333333,欲,226
1,0.3333333333333333,怨,218
1,0.3333333333333333,魂,205
1,0.3333333333333333,那,191
1,0.3333333333333333,惜,189
2,0.3333333333333333,懷,517
2,0.3333333333333333,可,395
2,0.3333333333333333,浩,384
2,0.3333333333333333,方,353
2,0.3333333333333333,永,315
2,0.3333333333333333,然,312
2,0.3333333333333333,期,290
2,0.3333333333333333,遊,288
2,0.3333333333333333,昔,286
2,0.3333333333333333,言,264
2,0.3333333333333333,窮,262
2,0.3333333333333333,已,261
2,0.3333333333333333,忽,260
2,0.3333333333333333,鬱,259
2,0.3333333333333333,茲,253
2,0.3333333333333333,想,244
2,0.3333333333333333,感,226
2,0.3333333333333333,屢,222
2,0.3333333333333333,幽,218
2,0.3333333333333333,息,215
3,0.3333333333333333,恩,1106
3,0.3333333333333333,主,707
3,0.3333333333333333,朝,626
3,0.3333333333333333,報,513
3,0.3333333333333333,重,442
3,0.3333333333333333,將,419
3,0.3333333333333333,明,407
3,0.3333333333333333,臣,393
3,0.3333333333333333,天,382
3,0.3333333333333333,詔,355
3,0.3333333333333333,使,341
3,0.3333333333333333,承,327
3,0.3333333333333333,拜,317
3,0.3333333333333333,從,306
3,0.3333333333333333,出,268
3,0.3333333333333333,親,257
3,0.3333333333333333,方,255
3,0.3333333333333333,賜,251
3,0.3333333333333333,傳,250
3,0.3333333333333333,國,248
4,0.3333333333333333,悠,1680
4,0.3333333333333333,流,1478
4,0.3333333333333333,遊,1120
4,0.3333333333333333,秋,930
4,0.3333333333333333,頭,868
4,0.3333333333333333,愁,852
4,0.3333333333333333,州,807
4,0.3333333333333333,樓,739
4,0.3333333333333333,休,655
4,0.3333333333333333,留,538
4,0.3333333333333333,水,416
4,0.3333333333333333,憂,371
4,0.3333333333333333,侯,356
4,0.3333333333333333,收,346
4,0.3333333333333333,浮,334
4,0.3333333333333333,丘,258
4,0.3333333333333333,求,246
4,0.3333333333333333,白,198
4,0.3333333333333333,淹,195
4,0.3333333333333333,舟,186
5,0.3333333333333333,年,2066
5,0.3333333333333333,白,1790
5,0.3333333333333333,少,1199
5,0.3333333333333333,老,1161
5,0.3333333333333333,髮,1085
5,0.3333333333333333,鬢,669
5,0.3333333333333333,頭,667
5,0.3333333333333333,衰,571
5,0.3333333333333333,日,406
5,0.3333333333333333,長,339
5,0.3333333333333333,鏡,310
5,0.3333333333333333,顏,293
5,0.3333333333333333,不,267
5,0.3333333333333333,多,267
5,0.3333333333333333,病,264
5,0.3333333333333333,愁,224
5,0.3333333333333333,身,210
5,0.3333333333333333,青,210
5,0.3333333333333333,絲,208
5,0.3333333333333333,幾,199
6,0.3333333333333333,君,3544
6,0.3333333333333333,我,2809
6,0.3333333333333333,不,1306
6,0.3333333333333333,為,1141
6,0.3333333333333333,與,1009
6,0.3333333333333333,此,607
6,0.3333333333333333,相,502
6,0.3333333333333333,心,446
6,0.3333333333333333,見,419
6,0.3333333333333333,如,407
6,0.3333333333333333,願,371
6,0.3333333333333333,使,289
6,0.3333333333333333,言,284
6,0.3333333333333333,可,255
6,0.3333333333333333,得,227
6,0.3333333333333333,亦,222
6,0.3333333333333333,安,215
6,0.3333333333333333,復,201
6,0.3333333333333333,能,194
6,0.3333333333333333,若,168
7,0.3333333333333333,青,1665
7,0.3333333333333333,白,1630
7,0.3333333333333333,雲,1622
7,0.3333333333333333,山,1605
7,0.3333333333333333,石,753
7,0.3333333333333333,水,726
7,0.3333333333333333,松,682
7,0.3333333333333333,下,566
7,0.3333333333333333,上,473
7,0.3333333333333333,鶴,422
7,0.3333333333333333,月,412
7,0.3333333333333333,碧,400
7,0.3333333333333333,片,392
7,0.3333333333333333,高,379
7,0.3333333333333333,溪,360
7,0.3333333333333333,雪,273
7,0.3333333333333333,寒,269
7,0.3333333333333333,泉,232
7,0.3333333333333333,臥,207
7,0.3333333333333333,古,203
8,0.3333333333333333,君,2018
8,0.3333333333333333,不,1050
8,0.3333333333333333,妾,639
8,0.3333333333333333,夫,602
8,0.3333333333333333,如,473
8,0.3333333333333333,心,470
8,0.3333333333333333,人,421
8,0.3333333333333333,為,385
8,0.3333333333333333,女,353
8,0.3333333333333333,願,322
8,0.3333333333333333,作,309
8,0.3333333333333333,有,305
8,0.3333333333333333,結,300
8,0.3333333333333333,莫,299
8,0.3333333333333333,家,284
8,0.3333333333333333,婦,266
8,0.3333333333333333,子,252
8,0.3333333333333333,相,236
8,0.3333333333333333,欲,235
8,0.3333333333333333,嫁,233
9,0.3333333333333333,門,1251
9,0.3333333333333333,日,1003
9,0.3333333333333333,出,923
9,0.3333333333333333,上,825
9,0.3333333333333333,無,823
9,0.3333333333333333,中,789
9,0.3333333333333333,蓬,759
9,0.3333333333333333,一,708
9,0.3333333333333333,時,572
9,0.3333333333333333,下,559
9,0.3333333333333333,不,537
9,0.3333333333333333,有,470
9,0.3333333333333333,在,430
9,0.3333333333333333,高,420
9,0.3333333333333333,入,409
9,0.3333333333333333,人,402
9,0.3333333333333333,生,400
9,0.3333333333333333,萊,331
9,0.3333333333333333,天,330
9,0.3333333333333333,山,293
10,0.3333333333333333,多,2579
10,0.3333333333333333,過,1313
10,0.3333333333333333,何,1050
10,0.3333333333333333,歌,827
10,0.3333333333333333,少,703
10,0.3333333333333333,波,688
10,0.3333333333333333,和,641
10,0.3333333333333333,無,612
10,0.3333333333333333,奈,465
10,0.3333333333333333,年,418
10,0.3333333333333333,經,397
10,0.3333333333333333,事,373
10,0.3333333333333333,幾,361
10,0.3333333333333333,時,324
10,0.3333333333333333,意,285
10,0.3333333333333333,河,221
10,0.3333333333333333,蘿,211
10,0.3333333333333333,蹉,208
10,0.3333333333333333,跎,200
10,0.3333333333333333,歲,182
11,0.3333333333333333,眉,637
11,0.3333333333333333,女,582
11,0.3333333333333333,紅,573
11,0.3333333333333333,羅,470
11,0.3333333333333333,歌,462
11,0.3333333333333333,笑,447
11,0.3333333333333333,舞,446
11,0.3333333333333333,玉,415
11,0.3333333333333333,蛾,345
11,0.3333333333333333,妝,345
11,0.3333333333333333,娥,327
11,0.3333333333333333,袖,325
11,0.3333333333333333,雙,324
11,0.3333333333333333,鏡,315
11,0.3333333333333333,含,301
11,0.3333333333333333,嬌,300
11,0.3333333333333333,翠,297
11,0.3333333333333333,粉,284
11,0.3333333333333333,花,279
11,0.3333333333333333,金,279
12,0.3333333333333333,聖,646
12,0.3333333333333333,壽,338
12,0.3333333333333333,瑞,335
12,0.3333333333333333,萬,335
12,0.3333333333333333,天,310
12,0.3333333333333333,氣,309
12,0.3333333333333333,樂,307
12,0.3333333333333333,九,306
12,0.3333333333333333,化,299
12,0.3333333333333333,皇,288
12,0.3333333333333333,文,280
12,0.3333333333333333,祥,275
12,0.3333333333333333,德,272
12,0.3333333333333333,神,250
12,0.3333333333333333,慶,244
12,0.3333333333333333,帝,243
12,0.3333333333333333,光,242
12,0.3333333333333333,恩,232
12,0.3333333333333333,澤,228
12,0.3333333333333333,和,221
13,0.3333333333333333,天,1115
13,0.3333333333333333,白,1087
13,0.3333333333333333,黃,834
13,0.3333333333333333,海,608
13,0.3333333333333333,漠,586
13,0.3333333333333333,長,537
13,0.3333333333333333,雲,537
13,0.3333333333333333,河,511
13,0.3333333333333333,上,461
13,0.3333333333333333,連,412
13,0.3333333333333333,飛,393
13,0.3333333333333333,橫,381
13,0.3333333333333333,下,380
13,0.3333333333333333,斗,379
13,0.3333333333333333,星,352
13,0.3333333333333333,大,339
13,0.3333333333333333,漢,338
13,0.3333333333333333,草,320
13,0.3333333333333333,風,276
13,0.3333333333333333,出,273
14,0.3333333333333333,雲,1728
14,0.3333333333333333,聞,1557
14,0.3333333333333333,君,1552
14,0.3333333333333333,分,1097
14,0.3333333333333333,紛,971
14,0.3333333333333333,群,901
14,0.3333333333333333,見,614
14,0.3333333333333333,文,469
14,0.3333333333333333,白,348
14,0.3333333333333333,氛,324
14,0.3333333333333333,山,299
14,0.3333333333333333,日,246
14,0.3333333333333333,將,208
14,0.3333333333333333,氳,197
14,0.3333333333333333,高,192
14,0.3333333333333333,下,185
14,0.3333333333333333,使,183
14,0.3333333333333333,出,181
14,0.3333333333333333,孤,170
14,0.3333333333333333,共,167
15,0.3333333333333333,衣,1200
15,0.3333333333333333,手,1070
15,0.3333333333333333,白,615
15,0.3333333333333333,長,549
15,0.3333333333333333,行,546
15,0.3333333333333333,攜,534
15,0.3333333333333333,上,512
15,0.3333333333333333,裳,487
15,0.3333333333333333,人,483
15,0.3333333333333333,子,430
15,0.3333333333333333,一,373
15,0.3333333333333333,著,361
15,0.3333333333333333,欲,337
15,0.3333333333333333,當,311
15,0.3333333333333333,相,294
15,0.3333333333333333,日,293
15,0.3333333333333333,黃,288
15,0.3333333333333333,時,267
15,0.3333333333333333,舉,243
15,0.3333333333333333,持,240
16,0.3333333333333333,秋,1526
16,0.3333333333333333,涼,1266
16,0.3333333333333333,風,1173
16,0.3333333333333333,蕭,747
16,0.3333333333333333,蟬,706
16,0.3333333333333333,雨,701
16,0.3333333333333333,清,652
16,0.3333333333333333,晚,482
16,0.3333333333333333,高,386
16,0.3333333333333333,樹,374
16,0.3333333333333333,夏,349
16,0.3333333333333333,思,341
16,0.3333333333333333,颯,336
16,0.3333333333333333,暑,334
16,0.3333333333333333,鳴,315
16,0.3333333333333333,露,280
16,0.3333333333333333,葉,273
16,0.3333333333333333,淒,267
16,0.3333333333333333,聲,258
16,0.3333333333333333,槐,218
17,0.3333333333333333,竹,880
17,0.3333333333333333,閒,865
17,0.3333333333333333,林,693
17,0.3333333333333333,深,662
17,0.3333333333333333,門,642
17,0.3333333333333333,靜,607
17,0.3333333333333333,坐,568
17,0.3333333333333333,對,469
17,0.3333333333333333,幽,409
17,0.3333333333333333,杖,401
17,0.3333333333333333,入,363
17,0.3333333333333333,窗,362
17,0.3333333333333333,客,311
17,0.3333333333333333,鳥,305
17,0.3333333333333333,外,304
17,0.3333333333333333,步,290
17,0.3333333333333333,琴,280
17,0.3333333333333333,徑,275
17,0.3333333333333333,掃,272
17,0.3333333333333333,自,241
18,0.3333333333333333,月,1598
18,0.3333333333333333,夜,1238
18,0.3333333333333333,秋,1007
18,0.3333333333333333,風,973
18,0.3333333333333333,明,771
18,0.3333333333333333,迢,659
18,0.3333333333333333,空,604
18,0.3333333333333333,露,491
18,0.3333333333333333,清,443
18,0.3333333333333333,愁,429
18,0.3333333333333333,暗,384
18,0.3333333333333333,滿,351
18,0.3333333333333333,樓,336
18,0.3333333333333333,遞,322
18,0.3333333333333333,長,321
18,0.3333333333333333,河,258
18,0.3333333333333333,滴,253
18,0.3333333333333333,吹,249
18,0.3333333333333333,流,243
18,0.3333333333333333,涼,233
19,0.3333333333333333,是,1272
19,0.3333333333333333,應,1002
19,0.3333333333333333,處,784
19,0.3333333333333333,更,709
19,0.3333333333333333,似,680
19,0.3333333333333333,有,649
19,0.3333333333333333,到,570
19,0.3333333333333333,時,475
19,0.3333333333333333,猶,461
19,0.3333333333333333,只,453
19,0.3333333333333333,卻,444
19,0.3333333333333333,堪,410
19,0.3333333333333333,未,400
19,0.3333333333333333,得,398
19,0.3333333333333333,曾,396
19,0.3333333333333333,知,395
19,0.3333333333333333,向,387
19,0.3333333333333333,便,380
19,0.3333333333333333,恐,318
19,0.3333333333333333,疑,289
20,0.3333333333333333,書,1482
20,0.3333333333333333,居,1192
20,0.3333333333333333,餘,1099
20,0.3333333333333333,疏,944
20,0.3333333333333333,虛,788
20,0.3333333333333333,初,719
20,0.3333333333333333,魚,583
20,0.3333333333333333,如,575
20,0.3333333333333333,廬,488
20,0.3333333333333333,有,465
20,0.3333333333333333,除,386
20,0.3333333333333333,何,364
20,0.3333333333333333,車,310
20,0.3333333333333333,舒,249
20,0.3333333333333333,寄,246
20,0.3333333333333333,渠,223
20,0.3333333333333333,久,211
20,0.3333333333333333,問,200
20,0.3333333333333333,隱,196
20,0.3333333333333333,下,195
21,0.3333333333333333,所,912
21,0.3333333333333333,我,681
21,0.3333333333333333,為,602
21,0.3333333333333333,其,579
21,0.3333333333333333,以,533
21,0.3333333333333333,或,488
21,0.3333333333333333,可,478
21,0.3333333333333333,吾,443
21,0.3333333333333333,乃,433
21,0.3333333333333333,亦,387
21,0.3333333333333333,非,367
21,0.3333333333333333,者,350
21,0.3333333333333333,既,315
21,0.3333333333333333,若,298
21,0.3333333333333333,有,294
21,0.3333333333333333,言,285
21,0.3333333333333333,物,281
21,0.3333333333333333,安,280
21,0.3333333333333333,云,279
21,0.3333333333333333,復,269
22,0.3333333333333333,未,1383
22,0.3333333333333333,欲,1196
22,0.3333333333333333,已,1023
22,0.3333333333333333,猶,984
22,0.3333333333333333,盡,857
22,0.3333333333333333,漸,723
22,0.3333333333333333,來,630
22,0.3333333333333333,將,568
22,0.3333333333333333,初,567
22,0.3333333333333333,日,469
22,0.3333333333333333,成,452
22,0.3333333333333333,看,419
22,0.3333333333333333,又,393
22,0.3333333333333333,覺,393
22,0.3333333333333333,更,388
22,0.3333333333333333,前,357
22,0.3333333333333333,亂,349
22,0.3333333333333333,半,344
22,0.3333333333333333,後,280
22,0.3333333333333333,纔,242
23,0.3333333333333333,鄉,1290
23,0.3333333333333333,歸,1053
23,0.3333333333333333,故,997
23,0.3333333333333333,里,921
23,0.3333333333333333,客,744
23,0.3333333333333333,路,636
23,0.3333333333333333,遠,614
23,0.3333333333333333,去,593
23,0.3333333333333333,思,559
23,0.3333333333333333,行,536
23,0.3333333333333333,山,523
23,0.3333333333333333,千,507
23,0.3333333333333333,萬,497
23,0.3333333333333333,暮,460
23,0.3333333333333333,望,446
23,0.3333333333333333,日,392
23,0.3333333333333333,旅,375
23,0.3333333333333333,獨,300
23,0.3333333333333333,送,283
23,0.3333333333333333,歲,273
24,0.3333333333333333,花,1382
24,0.3333333333333333,紅,1061
24,0.3333333333333333,香,871
24,0.3333333333333333,枝,746
24,0.3333333333333333,蝶,482
24,0.3333333333333333,春,461
24,0.3333333333333333,開,384
24,0.3333333333333333,露,369
24,0.3333333333333333,叢,304
24,0.3333333333333333,豔,302
24,0.3333333333333333,蕊,279
24,0.3333333333333333,粉,266
24,0.3333333333333333,繁,250
24,0.3333333333333333,芳,238
24,0.3333333333333333,丹,221
24,0.3333333333333333,滿,210
24,0.3333333333333333,似,194
24,0.3333333333333333,看,188
24,0.3333333333333333,綠,187
24,0.3333333333333333,新,184
25,0.3333333333333333,中,2074
25,0.3333333333333333,同,1548
25,0.3333333333333333,風,1276
25,0.3333333333333333,空,1231
25,0.3333333333333333,通,1199
25,0.3333333333333333,窮,906
25,0.3333333333333333,東,746
25,0.3333333333333333,與,584
25,0.3333333333333333,在,528
25,0.3333333333333333,翁,482
25,0.3333333333333333,公,383
25,0.3333333333333333,叢,344
25,0.3333333333333333,功,321
25,0.3333333333333333,外,297
25,0.3333333333333333,日,271
25,0.3333333333333333,宮,237
25,0.3333333333333333,鴻,232
25,0.3333333333333333,將,195
25,0.3333333333333333,一,181
25,0.3333333333333333,事,180
26,0.3333333333333333,貴,888
26,0.3333333333333333,不,782
26,0.3333333333333333,何,664
26,0.3333333333333333,身,609
26,0.3333333333333333,貧,520
26,0.3333333333333333,無,477
26,0.3333333333333333,富,436
26,0.3333333333333333,足,414
26,0.3333333333333333,賤,398
26,0.3333333333333333,如,394
26,0.3333333333333333,安,378
26,0.3333333333333333,且,377
26,0.3333333333333333,者,370
26,0.3333333333333333,自,364
26,0.3333333333333333,達,362
26,0.3333333333333333,道,362
26,0.3333333333333333,生,349
26,0.3333333333333333,榮,330
26,0.3333333333333333,多,326
26,0.3333333333333333,求,320
27,0.3333333333333333,名,1635
27,0.3333333333333333,生,1283
27,0.3333333333333333,無,766
27,0.3333333333333333,世,560
27,0.3333333333333333,有,544
27,0.3333333333333333,身,543
27,0.3333333333333333,為,542
27,0.3333333333333333,一,534
27,0.3333333333333333,人,528
27,0.3333333333333333,先,475
27,0.3333333333333333,不,456
27,0.3333333333333333,得,418
27,0.3333333333333333,第,416
27,0.3333333333333333,知,394
27,0.3333333333333333,利,392
27,0.3333333333333333,姓,346
27,0.3333333333333333,成,330
27,0.3333333333333333,與,307
27,0.3333333333333333,平,301
27,0.3333333333333333,終,300
28,0.3333333333333333,頭,975
28,0.3333333333333333,得,620
28,0.3333333333333333,似,582
28,0.3333333333333333,來,481
28,0.3333333333333333,一,479
28,0.3333333333333333,前,463
28,0.3333333333333333,眼,458
28,0.3333333333333333,破,427
28,0.3333333333333333,卻,420
28,0.3333333333333333,面,405
28,0.3333333333333333,著,397
28,0.3333333333333333,拋,332
28,0.3333333333333333,半,318
28,0.3333333333333333,兩,307
28,0.3333333333333333,教,268
28,0.3333333333333333,入,252
28,0.3333333333333333,上,252
28,0.3333333333333333,手,224
28,0.3333333333333333,把,205
28,0.3333333333333333,曾,204
29,0.3333333333333333,中,1027
29,0.3333333333333333,前,1012
29,0.3333333333333333,看,874
29,0.3333333333333333,裏,838
29,0.3333333333333333,向,800
29,0.3333333333333333,上,794
29,0.3333333333333333,來,693
29,0.3333333333333333,人,678
29,0.3333333333333333,邊,630
29,0.3333333333333333,到,581
29,0.3333333333333333,門,457
29,0.3333333333333333,下,418
29,0.3333333333333333,日,415
29,0.3333333333333333,卻,405
29,0.3333333333333333,見,393
29,0.3333333333333333,從,390
29,0.3333333333333333,得,375
29,0.3333333333333333,應,344
29,0.3333333333333333,後,336
29,0.3333333333333333,還,280
30,0.3333333333333333,紅,820
30,0.3333333333333333,輕,541
30,0.3333333333333333,金,531
30,0.3333333333333333,香,528
30,0.3333333333333333,翠,389
30,0.3333333333333333,玉,387
30,0.3333333333333333,畫,351
30,0.3333333333333333,小,338
30,0.3333333333333333,腰,318
30,0.3333333333333333,羅,316
30,0.3333333333333333,纖,303
30,0.3333333333333333,花,295
30,0.3333333333333333,眉,285
30,0.3333333333333333,細,275
30,0.3333333333333333,絲,267
30,0.3333333333333333,帶,244
30,0.3333333333333333,薄,240
30,0.3333333333333333,袖,233
30,0.3333333333333333,妝,230
30,0.3333333333333333,嫋,221
31,0.3333333333333333,獨,1352
31,0.3333333333333333,不,977
31,0.3333333333333333,何,948
31,0.3333333333333333,上,865
31,0.3333333333333333,自,836
31,0.3333333333333333,人,818
31,0.3333333333333333,立,755
31,0.3333333333333333,中,731
31,0.3333333333333333,有,688
31,0.3333333333333333,此,686
31,0.3333333333333333,一,648
31,0.3333333333333333,長,595
31,0.3333333333333333,高,510
31,0.3333333333333333,下,502
31,0.3333333333333333,欲,483
31,0.3333333333333333,向,407
31,0.3333333333333333,如,374
31,0.3333333333333333,心,325
31,0.3333333333333333,意,312
31,0.3333333333333333,坐,306
32,0.3333333333333333,舟,1640
32,0.3333333333333333,江,1565
32,0.3333333333333333,洲,579
32,0.3333333333333333,孤,563
32,0.3333333333333333,岸,542
32,0.3333333333333333,水,537
32,0.3333333333333333,湖,523
32,0.3333333333333333,波,519
32,0.3333333333333333,帆,461
32,0.3333333333333333,浦,456
32,0.3333333333333333,漁,409
32,0.3333333333333333,浪,394
32,0.3333333333333333,流,376
32,0.3333333333333333,沙,374
32,0.3333333333333333,泛,327
32,0.3333333333333333,煙,324
32,0.3333333333333333,泊,312
32,0.3333333333333333,汀,271
32,0.3333333333333333,遠,269
32,0.3333333333333333,潮,265
33,0.3333333333333333,公,1700
33,0.3333333333333333,子,872
33,0.3333333333333333,卿,430
33,0.3333333333333333,謝,397
33,0.3333333333333333,劉,323
33,0.3333333333333333,侯,301
33,0.3333333333333333,張,277
33,0.3333333333333333,高,276
33,0.3333333333333333,士,245
33,0.3333333333333333,才,234
33,0.3333333333333333,賈,218
33,0.3333333333333333,令,212
33,0.3333333333333333,賢,203
33,0.3333333333333333,東,201
33,0.3333333333333333,將,193
33,0.3333333333333333,魯,191
33,0.3333333333333333,門,186
33,0.3333333333333333,陶,177
33,0.3333333333333333,生,176
33,0.3333333333333333,杜,161
34,0.3333333333333333,相,1592
34,0.3333333333333333,同,1580
34,0.3333333333333333,共,1017
34,0.3333333333333333,與,830
34,0.3333333333333333,心,525
34,0.3333333333333333,遊,505
34,0.3333333333333333,逢,477
34,0.3333333333333333,事,460
34,0.3333333333333333,俱,457
34,0.3333333333333333,分,343
34,0.3333333333333333,因,324
34,0.3333333333333333,各,304
34,0.3333333333333333,歡,301
34,0.3333333333333333,何,296
34,0.3333333333333333,喜,288
34,0.3333333333333333,會,282
34,0.3333333333333333,思,272
34,0.3333333333333333,偶,264
34,0.3333333333333333,對,259
34,0.3333333333333333,情,257
35,0.3333333333333333,今,2303
35,0.3333333333333333,日,1854
35,0.3333333333333333,朝,1162
35,0.3333333333333333,人,1018
35,0.3333333333333333,昔,751
35,0.3333333333333333,作,682
35,0.3333333333333333,如,655
35,0.3333333333333333,見,624
35,0.3333333333333333,年,605
35,0.3333333333333333,古,490
35,0.3333333333333333,昨,466
35,0.3333333333333333,在,421
35,0.3333333333333333,為,409
35,0.3333333333333333,聞,350
35,0.3333333333333333,曾,320
35,0.3333333333333333,不,320
35,0.3333333333333333,君,279
35,0.3333333333333333,此,274
35,0.3333333333333333,是,251
35,0.3333333333333333,一,230
36,0.3333333333333333,神,982
36,0.3333333333333333,仙,853
36,0.3333333333333333,真,706
36,0.3333333333333333,丹,601
36,0.3333333333333333,化,527
36,0.3333333333333333,成,459
36,0.3333333333333333,藥,457
36,0.3333333333333333,靈,450
36,0.3333333333333333,金,440
36,0.3333333333333333,道,417
36,0.3333333333333333,精,411
36,0.3333333333333333,玄,354
36,0.3333333333333333,中,347
36,0.3333333333333333,元,333
36,0.3333333333333333,生,327
36,0.3333333333333333,火,325
36,0.3333333333333333,方,256
36,0.3333333333333333,天,248
36,0.3333333333333333,氣,241
36,0.3333333333333333,太,216
37,0.3333333333333333,簾,925
37,0.3333333333333333,窗,748
37,0.3333333333333333,枕,592
37,0.3333333333333333,香,503
37,0.3333333333333333,卷,476
37,0.3333333333333333,夢,460
37,0.3333333333333333,床,366
37,0.3333333333333333,畫,365
37,0.3333333333333333,堂,303
37,0.3333333333333333,語,299
37,0.3333333333333333,曉,284
37,0.3333333333333333,倚,271
37,0.3333333333333333,小,261
37,0.3333333333333333,樓,253
37,0.3333333333333333,閣,243
37,0.3333333333333333,斜,234
37,0.3333333333333333,影,233
37,0.3333333333333333,臥,227
37,0.3333333333333333,殘,225
37,0.3333333333333333,燕,217
38,0.3333333333333333,文,730
38,0.3333333333333333,賢,427
38,0.3333333333333333,才,422
38,0.3333333333333333,方,291
38,0.3333333333333333,良,274
38,0.3333333333333333,盛,255
38,0.3333333333333333,儒,230
38,0.3333333333333333,賦,215
38,0.3333333333333333,英,214
38,0.3333333333333333,推,213
38,0.3333333333333333,華,206
38,0.3333333333333333,三,198
38,0.3333333333333333,詞,198
38,0.3333333333333333,濟,197
38,0.3333333333333333,德,191
38,0.3333333333333333,翰,174
38,0.3333333333333333,雅,174
38,0.3333333333333333,義,171
38,0.3333333333333333,會,164
38,0.3333333333333333,稱,160
39,0.3333333333333333,金,1189
39,0.3333333333333333,玉,876
39,0.3333333333333333,錦,804
39,0.3333333333333333,雙,661
39,0.3333333333333333,羅,607
39,0.3333333333333333,珠,584
39,0.3333333333333333,鴛,569
39,0.3333333333333333,繡,486
39,0.3333333333333333,衣,486
39,0.3333333333333333,翠,461
39,0.3333333333333333,綺,345
39,0.3333333333333333,鴦,340
39,0.3333333333333333,飛,323
39,0.3333333333333333,黃,273
39,0.3333333333333333,香,273
39,0.3333333333333333,帳,265
39,0.3333333333333333,織,260
39,0.3333333333333333,畫,245
39,0.3333333333333333,紅,236
39,0.3333333333333333,銀,217
40,0.3333333333333333,古,1543
40,0.3333333333333333,草,737
40,0.3333333333333333,荒,724
40,0.3333333333333333,遺,676
40,0.3333333333333333,在,644
40,0.3333333333333333,今,595
40,0.3333333333333333,空,553
40,0.3333333333333333,跡,537
40,0.3333333333333333,猶,523
40,0.3333333333333333,舊,515
40,0.3333333333333333,木,406
40,0.3333333333333333,餘,385
40,0.3333333333333333,地,367
40,0.3333333333333333,千,317
40,0.3333333333333333,人,311
40,0.3333333333333333,留,306
40,0.3333333333333333,事,266
40,0.3333333333333333,平,258
40,0.3333333333333333,變,252
40,0.3333333333333333,蕪,226
41,0.3333333333333333,不,1740
41,0.3333333333333333,人,1703
41,0.3333333333333333,有,1126
41,0.3333333333333333,見,1109
41,0.3333333333333333,時,1060
41,0.3333333333333333,知,843
41,0.3333333333333333,無,791
41,0.3333333333333333,此,721
41,0.3333333333333333,生,670
41,0.3333333333333333,當,469
41,0.3333333333333333,何,422
41,0.3333333333333333,間,394
41,0.3333333333333333,但,393
41,0.3333333333333333,皆,381
41,0.3333333333333333,盡,309
41,0.3333333333333333,唯,292
41,0.3333333333333333,中,285
41,0.3333333333333333,好,267
41,0.3333333333333333,常,263
41,0.3333333333333333,得,248
42,0.3333333333333333,火,471
42,0.3333333333333333,味,270
42,0.3333333333333333,甘,229
42,0.3333333333333333,地,208
42,0.3333333333333333,足,207
42,0.3333333333333333,食,204
42,0.3333333333333333,茶,190
42,0.3333333333333333,如,189
42,0.3333333333333333,氣,178
42,0.3333333333333333,飯,165
42,0.3333333333333333,魚,165
42,0.3333333333333333,熱,159
42,0.3333333333333333,蒸,159
42,0.3333333333333333,炎,153
42,0.3333333333333333,餐,153
42,0.3333333333333333,烹,152
42,0.3333333333333333,煮,142
42,0.3333333333333333,物,142
42,0.3333333333333333,避,137
42,0.3333333333333333,盤,135
43,0.3333333333333333,蒼,2023
43,0.3333333333333333,茫,879
43,0.3333333333333333,山,808
43,0.3333333333333333,雲,700
43,0.3333333333333333,白,652
43,0.3333333333333333,水,579
43,0.3333333333333333,天,512
43,0.3333333333333333,空,472
43,0.3333333333333333,青,422
43,0.3333333333333333,下,413
43,0.3333333333333333,落,393
43,0.3333333333333333,草,383
43,0.3333333333333333,煙,378
43,0.3333333333333333,望,328
43,0.3333333333333333,遠,327
43,0.3333333333333333,在,311
43,0.3333333333333333,長,311
43,0.3333333333333333,黃,304
43,0.3333333333333333,古,284
43,0.3333333333333333,日,281
44,0.3333333333333333,不,1318
44,0.3333333333333333,人,1064
44,0.3333333333333333,是,1055
44,0.3333333333333333,知,941
44,0.3333333333333333,一,840
44,0.3333333333333333,時,737
44,0.3333333333333333,誰,687
44,0.3333333333333333,幾,646
44,0.3333333333333333,見,613
44,0.3333333333333333,向,586
44,0.3333333333333333,曾,440
44,0.3333333333333333,得,425
44,0.3333333333333333,年,411
44,0.3333333333333333,自,373
44,0.3333333333333333,來,373
44,0.3333333333333333,裏,352
44,0.3333333333333333,能,347
44,0.3333333333333333,只,327
44,0.3333333333333333,也,284
44,0.3333333333333333,說,268
45,0.3333333333333333,聲,1606
45,0.3333333333333333,月,1213
45,0.3333333333333333,夜,937
45,0.3333333333333333,聞,764
45,0.3333333333333333,風,666
45,0.3333333333333333,曉,643
45,0.3333333333333333,清,557
45,0.3333333333333333,聽,518
45,0.3333333333333333,色,484
45,0.3333333333333333,更,469
45,0.3333333333333333,城,447
45,0.3333333333333333,吹,417
45,0.3333333333333333,明,361
45,0.3333333333333333,鼓,353
45,0.3333333333333333,鐘,350
45,0.3333333333333333,鳴,326
45,0.3333333333333333,動,317
45,0.3333333333333333,靜,306
45,0.3333333333333333,初,288
45,0.3333333333333333,中,282
46,0.3333333333333333,陵,958
46,0.3333333333333333,秦,807
46,0.3333333333333333,城,766
46,0.3333333333333333,河,594
46,0.3333333333333333,漢,570
46,0.3333333333333333,關,517
46,0.3333333333333333,川,515
46,0.3333333333333333,路,511
46,0.3333333333333333,望,403
46,0.3333333333333333,車,398
46,0.3333333333333333,連,390
46,0.3333333333333333,原,315
46,0.3333333333333333,渭,309
46,0.3333333333333333,馬,306
46,0.3333333333333333,入,305
46,0.3333333333333333,通,286
46,0.3333333333333333,闕,274
46,0.3333333333333333,長,265
46,0.3333333333333333,京,258
46,0.3333333333333333,谷,256
47,0.3333333333333333,為,1014
47,0.3333333333333333,不,973
47,0.3333333333333333,無,918
47,0.3333333333333333,者,666
47,0.3333333333333333,自,467
47,0.3333333333333333,言,443
47,0.3333333333333333,何,331
47,0.3333333333333333,所,281
47,0.3333333333333333,亦,276
47,0.3333333333333333,令,253
47,0.3333333333333333,當,245
47,0.3333333333333333,與,242
47,0.3333333333333333,事,232
47,0.3333333333333333,用,228
47,0.3333333333333333,以,220
47,0.3333333333333333,易,216
47,0.3333333333333333,如,211
47,0.3333333333333333,鸚,210
47,0.3333333333333333,求,210
47,0.3333333333333333,非,207
48,0.3333333333333333,天,1622
48,0.3333333333333333,九,919
48,0.3333333333333333,三,909
48,0.3333333333333333,龍,767
48,0.3333333333333333,地,673
48,0.3333333333333333,五,614
48,0.3333333333333333,海,562
48,0.3333333333333333,星,447
48,0.3333333333333333,帝,407
48,0.3333333333333333,四,394
48,0.3333333333333333,六,331
48,0.3333333333333333,氣,327
48,0.3333333333333333,八,287
48,0.3333333333333333,道,280
48,0.3333333333333333,乾,277
48,0.3333333333333333,宇,273
48,0.3333333333333333,華,255
48,0.3333333333333333,方,246
48,0.3333333333333333,乘,227
48,0.3333333333333333,下,217
49,0.3333333333333333,須,1345
49,0.3333333333333333,莫,1276
49,0.3333333333333333,是,839
49,0.3333333333333333,教,456
49,0.3333333333333333,作,425
49,0.3333333333333333,看,402
49,0.3333333333333333,應,398
49,0.3333333333333333,便,387
49,0.3333333333333333,休,378
49,0.3333333333333333,他,373
49,0.3333333333333333,好,352
49,0.3333333333333333,爭,343
49,0.3333333333333333,更,335
49,0.3333333333333333,不,321
49,0.3333333333333333,若,310
49,0.3333333333333333,只,308
49,0.3333333333333333,終,296
49,0.3333333333333333,得,292
49,0.3333333333333333,擬,288
49,0.3333333333333333,要,238
50,0.3333333333333333,心,1033
50,0.3333333333333333,真,506
50,0.3333333333333333,法,460
50,0.3333333333333333,師,449
50,0.3333333333333333,世,428
50,0.3333333333333333,空,423
50,0.3333333333333333,道,416
50,0.3333333333333333,無,374
50,0.3333333333333333,方,367
50,0.3333333333333333,禪,360
50,0.3333333333333333,生,314
50,0.3333333333333333,虛,291
50,0.3333333333333333,性,265
50,0.3333333333333333,塵,249
50,0.3333333333333333,定,233
50,0.3333333333333333,緣,226
50,0.3333333333333333,悟,224
50,0.3333333333333333,理,221
50,0.3333333333333333,佛,207
50,0.3333333333333333,界,201
51,0.3333333333333333,山,2176
51,0.3333333333333333,間,1758
51,0.3333333333333333,還,1669
51,0.3333333333333333,關,1395
51,0.3333333333333333,閒,1121
51,0.3333333333333333,顏,562
51,0.3333333333333333,水,430
51,0.3333333333333333,雲,396
51,0.3333333333333333,攀,375
51,0.3333333333333333,潺,336
51,0.3333333333333333,鳥,310
51,0.3333333333333333,外,305
51,0.3333333333333333,出,299
51,0.3333333333333333,斑,292
51,0.3333333333333333,高,276
51,0.3333333333333333,上,197
51,0.3333333333333333,掩,188
51,0.3333333333333333,湲,185
51,0.3333333333333333,客,177
51,0.3333333333333333,對,167
52,0.3333333333333333,書,1939
52,0.3333333333333333,文,858
52,0.3333333333333333,字,841
52,0.3333333333333333,詩,557
52,0.3333333333333333,傳,459
52,0.3333333333333333,筆,380
52,0.3333333333333333,學,350
52,0.3333333333333333,卷,342
52,0.3333333333333333,讀,333
52,0.3333333333333333,經,325
52,0.3333333333333333,名,317
52,0.3333333333333333,後,316
52,0.3333333333333333,寄,305
52,0.3333333333333333,開,277
52,0.3333333333333333,封,275
52,0.3333333333333333,題,267
52,0.3333333333333333,章,243
52,0.3333333333333333,紙,223
52,0.3333333333333333,寫,223
52,0.3333333333333333,圖,204
53,0.3333333333333333,應,1015
53,0.3333333333333333,難,648
53,0.3333333333333333,時,532
53,0.3333333333333333,莫,508
53,0.3333333333333333,過,472
53,0.3333333333333333,為,465
53,0.3333333333333333,成,435
53,0.3333333333333333,勝,427
53,0.3333333333333333,共,423
53,0.3333333333333333,須,416
53,0.3333333333333333,分,416
53,0.3333333333333333,定,396
53,0.3333333333333333,還,348
53,0.3333333333333333,隨,343
53,0.3333333333333333,暫,319
53,0.3333333333333333,將,319
53,0.3333333333333333,已,316
53,0.3333333333333333,易,316
53,0.3333333333333333,是,297
53,0.3333333333333333,若,268
54,0.3333333333333333,家,2219
54,0.3333333333333333,花,1865
54,0.3333333333333333,斜,1141
54,0.3333333333333333,華,842
54,0.3333333333333333,春,733
54,0.3333333333333333,霞,572
54,0.3333333333333333,樹,544
54,0.3333333333333333,處,495
54,0.3333333333333333,涯,484
54,0.3333333333333333,日,481
54,0.3333333333333333,車,380
54,0.3333333333333333,看,355
54,0.3333333333333333,落,353
54,0.3333333333333333,到,352
54,0.3333333333333333,沙,311
54,0.3333333333333333,賒,264
54,0.3333333333333333,煙,254
54,0.3333333333333333,鴉,221
54,0.3333333333333333,嗟,207
54,0.3333333333333333,好,188
55,0.3333333333333333,秋,1870
55,0.3333333333333333,寒,1100
55,0.3333333333333333,霜,1077
55,0.3333333333333333,葉,1027
55,0.3333333333333333,落,819
55,0.3333333333333333,菊,605
55,0.3333333333333333,雁,589
55,0.3333333333333333,月,551
55,0.3333333333333333,風,537
55,0.3333333333333333,重,521
55,0.3333333333333333,晚,477
55,0.3333333333333333,露,351
55,0.3333333333333333,夜,301
55,0.3333333333333333,黃,291
55,0.3333333333333333,節,265
55,0.3333333333333333,高,258
55,0.3333333333333333,驚,252
55,0.3333333333333333,陽,238
55,0.3333333333333333,蘭,216
55,0.3333333333333333,冷,204
56,0.3333333333333333,清,1159
56,0.3333333333333333,光,773
56,0.3333333333333333,月,593
56,0.3333333333333333,色,515
56,0.3333333333333333,凝,423
56,0.3333333333333333,露,394
56,0.3333333333333333,霜,393
56,0.3333333333333333,華,378
56,0.3333333333333333,氣,375
56,0.3333333333333333,影,366
56,0.3333333333333333,照,355
56,0.3333333333333333,流,351
56,0.3333333333333333,寒,341
56,0.3333333333333333,皎,335
56,0.3333333333333333,素,314
56,0.3333333333333333,風,308
56,0.3333333333333333,動,289
56,0.3333333333333333,映,276
56,0.3333333333333333,秋,260
56,0.3333333333333333,耿,260
57,0.3333333333333333,南,1091
57,0.3333333333333333,湘,1034
57,0.3333333333333333,楚,733
57,0.3333333333333333,水,659
57,0.3333333333333333,思,633
57,0.3333333333333333,雁,627
57,0.3333333333333333,客,623
57,0.3333333333333333,雲,567
57,0.3333333333333333,秋,553
57,0.3333333333333333,歸,543
57,0.3333333333333333,遠,513
57,0.3333333333333333,夢,446
57,0.3333333333333333,去,397
57,0.3333333333333333,鄉,379
57,0.3333333333333333,瀟,378
57,0.3333333333333333,愁,332
57,0.3333333333333333,陽,287
57,0.3333333333333333,飛,277
57,0.3333333333333333,北,270
57,0.3333333333333333,孤,268
58,0.3333333333333333,西,1079
58,0.3333333333333333,迷,857
58,0.3333333333333333,齊,747
58,0.3333333333333333,啼,713
58,0.3333333333333333,低,690
58,0.3333333333333333,溪,578
58,0.3333333333333333,樹,574
58,0.3333333333333333,泥,524
58,0.3333333333333333,路,503
58,0.3333333333333333,草,403
58,0.3333333333333333,鳥,395
58,0.3333333333333333,棲,383
58,0.3333333333333333,雞,336
58,0.3333333333333333,雲,319
58,0.3333333333333333,攜,285
58,0.3333333333333333,淒,271
58,0.3333333333333333,馬,269
58,0.3333333333333333,萋,253
58,0.3333333333333333,向,246
58,0.3333333333333333,上,240
59,0.3333333333333333,清,585
59,0.3333333333333333,幽,496
59,0.3333333333333333,懷,488
59,0.3333333333333333,復,455
59,0.3333333333333333,林,417
59,0.3333333333333333,方,381
59,0.3333333333333333,所,343
59,0.3333333333333333,跡,298
59,0.3333333333333333,景,296
59,0.3333333333333333,自,294
59,0.3333333333333333,物,286
59,0.3333333333333333,曠,266
59,0.3333333333333333,情,260
59,0.3333333333333333,已,260
59,0.3333333333333333,聊,259
59,0.3333333333333333,心,258
59,0.3333333333333333,適,240
59,0.3333333333333333,隱,239
59,0.3333333333333333,然,236
59,0.3333333333333333,始,230
60,0.3333333333333333,高,478
60,0.3333333333333333,毫,355
60,0.3333333333333333,刀,332
60,0.3333333333333333,勞,319
60,0.3333333333333333,石,298
60,0.3333333333333333,如,271
60,0.3333333333333333,奇,263
60,0.3333333333333333,得,262
60,0.3333333333333333,毛,246
60,0.3333333333333333,左,242
60,0.3333333333333333,右,241
60,0.3333333333333333,筆,237
60,0.3333333333333333,持,227
60,0.3333333333333333,比,220
60,0.3333333333333333,工,202
60,0.3333333333333333,手,197
60,0.3333333333333333,用,191
60,0.3333333333333333,稱,191
60,0.3333333333333333,劍,190
60,0.3333333333333333,皆,172
61,0.3333333333333333,深,2481
61,0.3333333333333333,心,2119
61,0.3333333333333333,沈,1419
61,0.3333333333333333,林,1166
61,0.3333333333333333,陰,1094
61,0.3333333333333333,吟,994
61,0.3333333333333333,尋,707
61,0.3333333333333333,音,599
61,0.3333333333333333,襟,502
61,0.3333333333333333,侵,423
61,0.3333333333333333,琴,297
61,0.3333333333333333,禽,287
61,0.3333333333333333,岑,247
61,0.3333333333333333,遠,242
61,0.3333333333333333,簪,225
61,0.3333333333333333,任,174
61,0.3333333333333333,知,174
61,0.3333333333333333,聽,152
61,0.3333333333333333,清,131
61,0.3333333333333333,陸,124
62,0.3333333333333333,王,1778
62,0.3333333333333333,國,800
62,0.3333333333333333,吳,710
62,0.3333333333333333,宮,639
62,0.3333333333333333,漢,594
62,0.3333333333333333,臺,586
62,0.3333333333333333,秦,584
62,0.3333333333333333,西,481
62,0.3333333333333333,楚,465
62,0.3333333333333333,梁,437
62,0.3333333333333333,城,369
62,0.3333333333333333,越,348
62,0.3333333333333333,長,339
62,0.3333333333333333,帝,333
62,0.3333333333333333,燕,322
62,0.3333333333333333,蘇,299
62,0.3333333333333333,蜀,259
62,0.3333333333333333,陵,226
62,0.3333333333333333,盡,217
62,0.3333333333333333,入,216
63,0.3333333333333333,田,1300
63,0.3333333333333333,野,713
63,0.3333333333333333,桑,623
63,0.3333333333333333,耕,583
63,0.3333333333333333,家,574
63,0.3333333333333333,村,482
63,0.3333333333333333,犬,356
63,0.3333333333333333,農,336
63,0.3333333333333333,種,318
63,0.3333333333333333,雞,312
63,0.3333333333333333,牛,309
63,0.3333333333333333,鄰,306
63,0.3333333333333333,雨,297
63,0.3333333333333333,麥,227
63,0.3333333333333333,土,214
63,0.3333333333333333,茅,214
63,0.3333333333333333,熟,210
63,0.3333333333333333,童,206
63,0.3333333333333333,荒,205
63,0.3333333333333333,食,191
64,0.3333333333333333,來,2571
64,0.3333333333333333,開,2140
64,0.3333333333333333,回,1369
64,0.3333333333333333,臺,1337
64,0.3333333333333333,迴,972
64,0.3333333333333333,去,546
64,0.3333333333333333,才,473
64,0.3333333333333333,杯,452
64,0.3333333333333333,埃,437
64,0.3333333333333333,塵,416
64,0.3333333333333333,催,390
64,0.3333333333333333,裴,353
64,0.3333333333333333,苔,296
64,0.3333333333333333,灰,291
64,0.3333333333333333,上,253
64,0.3333333333333333,哀,241
64,0.3333333333333333,從,234
64,0.3333333333333333,哉,226
64,0.3333333333333333,雷,214
64,0.3333333333333333,梅,204
65,0.3333333333333333,魚,1066
65,0.3333333333333333,水,974
65,0.3333333333333333,釣,780
65,0.3333333333333333,波,599
65,0.3333333333333333,岸,506
65,0.3333333333333333,浪,480
65,0.3333333333333333,江,392
65,0.3333333333333333,湖,377
65,0.3333333333333333,舟,321
65,0.3333333333333333,船,309
65,0.3333333333333333,沙,291
65,0.3333333333333333,漁,275
65,0.3333333333333333,溪,265
65,0.3333333333333333,流,239
65,0.3333333333333333,竿,218
65,0.3333333333333333,潭,202
65,0.3333333333333333,鷺,198
65,0.3333333333333333,鱗,197
65,0.3333333333333333,煙,190
65,0.3333333333333333,塘,188
66,0.3333333333333333,舊,1952
66,0.3333333333333333,新,1350
66,0.3333333333333333,故,1200
66,0.3333333333333333,依,905
66,0.3333333333333333,年,712
66,0.3333333333333333,在,596
66,0.3333333333333333,人,596
66,0.3333333333333333,歸,530
66,0.3333333333333333,憶,496
66,0.3333333333333333,鄉,480
66,0.3333333333333333,處,437
66,0.3333333333333333,別,396
66,0.3333333333333333,還,386
66,0.3333333333333333,應,369
66,0.3333333333333333,園,351
66,0.3333333333333333,國,345
66,0.3333333333333333,猶,334
66,0.3333333333333333,家,321
66,0.3333333333333333,逢,302
66,0.3333333333333333,識,220
67,0.3333333333333333,士,534
67,0.3333333333333333,子,528
67,0.3333333333333333,生,411
67,0.3333333333333333,壯,409
67,0.3333333333333333,氣,390
67,0.3333333333333333,夫,367
67,0.3333333333333333,然,365
67,0.3333333333333333,劍,363
67,0.3333333333333333,志,353
67,0.3333333333333333,為,348
67,0.3333333333333333,忽,324
67,0.3333333333333333,我,273
67,0.3333333333333333,大,253
67,0.3333333333333333,道,251
67,0.3333333333333333,感,241
67,0.3333333333333333,且,235
67,0.3333333333333333,安,220
67,0.3333333333333333,事,214
67,0.3333333333333333,懷,214
67,0.3333333333333333,英,204
68,0.3333333333333333,處,2983
68,0.3333333333333333,何,1906
68,0.3333333333333333,問,973
68,0.3333333333333333,去,911
68,0.3333333333333333,人,575
68,0.3333333333333333,到,521
68,0.3333333333333333,行,502
68,0.3333333333333333,無,462
68,0.3333333333333333,向,422
68,0.3333333333333333,客,418
68,0.3333333333333333,來,410
68,0.3333333333333333,住,408
68,0.3333333333333333,歸,388
68,0.3333333333333333,借,358
68,0.3333333333333333,家,331
68,0.3333333333333333,隨,321
68,0.3333333333333333,時,314
68,0.3333333333333333,留,267
68,0.3333333333333333,尋,266
68,0.3333333333333333,更,202
69,0.3333333333333333,有,1156
69,0.3333333333333333,知,991
69,0.3333333333333333,無,990
69,0.3333333333333333,後,816
69,0.3333333333333333,在,720
69,0.3333333333333333,事,608
69,0.3333333333333333,前,585
69,0.3333333333333333,自,580
69,0.3333333333333333,時,575
69,0.3333333333333333,誰,572
69,0.3333333333333333,心,519
69,0.3333333333333333,因,494
69,0.3333333333333333,來,456
69,0.3333333333333333,唯,454
69,0.3333333333333333,獨,408
69,0.3333333333333333,更,407
69,0.3333333333333333,多,400
69,0.3333333333333333,見,362
69,0.3333333333333333,鹿,295
69,0.3333333333333333,與,273
70,0.3333333333333333,十,2916
70,0.3333333333333333,三,2152
70,0.3333333333333333,年,1913
70,0.3333333333333333,二,1707
70,0.3333333333333333,五,1261
70,0.3333333333333333,四,757
70,0.3333333333333333,一,741
70,0.3333333333333333,六,678
70,0.3333333333333333,千,669
70,0.3333333333333333,七,655
70,0.3333333333333333,八,560
70,0.3333333333333333,百,516
70,0.3333333333333333,九,449
70,0.3333333333333333,今,394
70,0.3333333333333333,月,307
70,0.3333333333333333,前,254
70,0.3333333333333333,老,242
70,0.3333333333333333,載,208
70,0.3333333333333333,歲,163
70,0.3333333333333333,餘,117
71,0.3333333333333333,天,2070
71,0.3333333333333333,地,1242
71,0.3333333333333333,下,826
71,0.3333333333333333,日,678
71,0.3333333333333333,上,657
71,0.3333333333333333,此,615
71,0.3333333333333333,高,540
71,0.3333333333333333,出,443
71,0.3333333333333333,山,433
71,0.3333333333333333,月,430
71,0.3333333333333333,風,409
71,0.3333333333333333,四,384
71,0.3333333333333333,峨,375
71,0.3333333333333333,平,355
71,0.3333333333333333,子,334
71,0.3333333333333333,當,330
71,0.3333333333333333,雲,328
71,0.3333333333333333,時,318
71,0.3333333333333333,如,280
71,0.3333333333333333,明,275
72,0.3333333333333333,轉,872
72,0.3333333333333333,參,723
72,0.3333333333333333,差,632
72,0.3333333333333333,風,441
72,0.3333333333333333,迴,427
72,0.3333333333333333,影,416
72,0.3333333333333333,光,415
72,0.3333333333333333,隨,398
72,0.3333333333333333,移,392
72,0.3333333333333333,水,372
72,0.3333333333333333,宛,359
72,0.3333333333333333,動,355
72,0.3333333333333333,疑,330
72,0.3333333333333333,出,320
72,0.3333333333333333,垂,315
72,0.3333333333333333,步,314
72,0.3333333333333333,輕,294
72,0.3333333333333333,驚,291
72,0.3333333333333333,搖,274
72,0.3333333333333333,亂,265
73,0.3333333333333333,飛,1240
73,0.3333333333333333,鳥,752
73,0.3333333333333333,巢,499
73,0.3333333333333333,羽,499
73,0.3333333333333333,鳴,455
73,0.3333333333333333,烏,453
73,0.3333333333333333,燕,409
73,0.3333333333333333,雀,378
73,0.3333333333333333,棲,330
73,0.3333333333333333,爾,305
73,0.3333333333333333,毛,298
73,0.3333333333333333,翼,290
73,0.3333333333333333,網,286
73,0.3333333333333333,驚,278
73,0.3333333333333333,銜,260
73,0.3333333333333333,雙,244
73,0.3333333333333333,啄,231
73,0.3333333333333333,雛,229
73,0.3333333333333333,群,228
73,0.3333333333333333,兔,227
74,0.3333333333333333,不,1315
74,0.3333333333333333,何,1114
74,0.3333333333333333,一,1041
74,0.3333333333333333,如,989
74,0.3333333333333333,自,822
74,0.3333333333333333,心,739
74,0.3333333333333333,知,736
74,0.3333333333333333,人,689
74,0.3333333333333333,得,670
74,0.3333333333333333,此,627
74,0.3333333333333333,意,553
74,0.3333333333333333,有,494
74,0.3333333333333333,時,460
74,0.3333333333333333,無,437
74,0.3333333333333333,來,416
74,0.3333333333333333,在,384
74,0.3333333333333333,物,350
74,0.3333333333333333,生,333
74,0.3333333333333333,盡,328
74,0.3333333333333333,由,285
75,0.3333333333333333,花,2797
75,0.3333333333333333,桃,1526
75,0.3333333333333333,春,1448
75,0.3333333333333333,落,749
75,0.3333333333333333,李,662
75,0.3333333333333333,風,648
75,0.3333333333333333,開,602
75,0.3333333333333333,紅,581
75,0.3333333333333333,芙,422
75,0.3333333333333333,蓉,396
75,0.3333333333333333,樹,366
75,0.3333333333333333,裏,327
75,0.3333333333333333,園,319
75,0.3333333333333333,發,304
75,0.3333333333333333,杏,296
75,0.3333333333333333,葉,279
75,0.3333333333333333,枝,235
75,0.3333333333333333,似,232
75,0.3333333333333333,好,218
75,0.3333333333333333,滿,213
76,0.3333333333333333,酒,3445
76,0.3333333333333333,醉,1580
76,0.3333333333333333,杯,788
76,0.3333333333333333,飲,607
76,0.3333333333333333,一,581
76,0.3333333333333333,客,454
76,0.3333333333333333,醒,366
76,0.3333333333333333,酌,354
76,0.3333333333333333,笑,345
76,0.3333333333333333,春,306
76,0.3333333333333333,傾,305
76,0.3333333333333333,尊,299
76,0.3333333333333333,勸,293
76,0.3333333333333333,狂,260
76,0.3333333333333333,且,234
76,0.3333333333333333,滿,220
76,0.3333333333333333,花,209
76,0.3333333333333333,歌,193
76,0.3333333333333333,酣,192
76,0.3333333333333333,熟,175
77,0.3333333333333333,如,2574
77,0.3333333333333333,不,1616
77,0.3333333333333333,似,1136
77,0.3333333333333333,何,964
77,0.3333333333333333,若,879
77,0.3333333333333333,一,845
77,0.3333333333333333,人,843
77,0.3333333333333333,有,829
77,0.3333333333333333,可,720
77,0.3333333333333333,相,609
77,0.3333333333333333,此,596
77,0.3333333333333333,無,477
77,0.3333333333333333,中,402
77,0.3333333333333333,心,392
77,0.3333333333333333,天,340
77,0.3333333333333333,欲,316
77,0.3333333333333333,能,280
77,0.3333333333333333,又,273
77,0.3333333333333333,疑,202
77,0.3333333333333333,意,191
78,0.3333333333333333,春,2650
78,0.3333333333333333,花,1658
78,0.3333333333333333,草,1488
78,0.3333333333333333,芳,1278
78,0.3333333333333333,日,725
78,0.3333333333333333,綠,621
78,0.3333333333333333,鶯,568
78,0.3333333333333333,青,458
78,0.3333333333333333,樹,449
78,0.3333333333333333,滿,404
78,0.3333333333333333,新,386
78,0.3333333333333333,柳,374
78,0.3333333333333333,色,369
78,0.3333333333333333,落,327
78,0.3333333333333333,遊,308
78,0.3333333333333333,園,250
78,0.3333333333333333,遍,212
78,0.3333333333333333,醉,207
78,0.3333333333333333,晴,207
78,0.3333333333333333,暖,186
79,0.3333333333333333,夜,2008
79,0.3333333333333333,燈,977
79,0.3333333333333333,月,906
79,0.3333333333333333,寒,844
79,0.3333333333333333,夢,687
79,0.3333333333333333,殘,637
79,0.3333333333333333,聲,510
79,0.3333333333333333,明,456
79,0.3333333333333333,火,445
79,0.3333333333333333,起,366
79,0.3333333333333333,宿,357
79,0.3333333333333333,孤,347
79,0.3333333333333333,燭,346
79,0.3333333333333333,暗,325
79,0.3333333333333333,漏,316
79,0.3333333333333333,半,316
79,0.3333333333333333,更,292
79,0.3333333333333333,覺,281
79,0.3333333333333333,深,275
79,0.3333333333333333,窗,274
80,0.3333333333333333,僧,1251
80,0.3333333333333333,寺,1235
80,0.3333333333333333,禪,693
80,0.3333333333333333,松,638
80,0.3333333333333333,經,439
80,0.3333333333333333,香,425
80,0.3333333333333333,師,415
80,0.3333333333333333,鐘,404
80,0.3333333333333333,石,381
80,0.3333333333333333,磬,353
80,0.3333333333333333,山,337
80,0.3333333333333333,房,328
80,0.3333333333333333,尋,325
80,0.3333333333333333,到,321
80,0.3333333333333333,泉,304
80,0.3333333333333333,林,296
80,0.3333333333333333,峰,277
80,0.3333333333333333,竹,259
80,0.3333333333333333,住,255
80,0.3333333333333333,坐,248
81,0.3333333333333333,柳,2232
81,0.3333333333333333,春,1664
81,0.3333333333333333,楊,1128
81,0.3333333333333333,花,920
81,0.3333333333333333,風,845
81,0.3333333333333333,垂,707
81,0.3333333333333333,條,643
81,0.3333333333333333,折,531
81,0.3333333333333333,煙,483
81,0.3333333333333333,綠,475
81,0.3333333333333333,枝,428
81,0.3333333333333333,絲,416
81,0.3333333333333333,拂,329
81,0.3333333333333333,堤,327
81,0.3333333333333333,橋,324
81,0.3333333333333333,吹,293
81,0.3333333333333333,鶯,252
81,0.3333333333333333,映,215
81,0.3333333333333333,梅,212
81,0.3333333333333333,陌,208
82,0.3333333333333333,不,882
82,0.3333333333333333,我,812
82,0.3333333333333333,苦,716
82,0.3333333333333333,食,659
82,0.3333333333333333,亦,539
82,0.3333333333333333,無,478
82,0.3333333333333333,有,401
82,0.3333333333333333,為,386
82,0.3333333333333333,飢,377
82,0.3333333333333333,汝,368
82,0.3333333333333333,所,340
82,0.3333333333333333,力,303
82,0.3333333333333333,憂,291
82,0.3333333333333333,爾,277
82,0.3333333333333333,身,275
82,0.3333333333333333,安,256
82,0.3333333333333333,肉,246
82,0.3333333333333333,生,244
82,0.3333333333333333,百,244
82,0.3333333333333333,老,234
83,0.3333333333333333,水,1202
83,0.3333333333333333,池,1071
83,0.3333333333333333,花,898
83,0.3333333333333333,蓮,819
83,0.3333333333333333,綠,608
83,0.3333333333333333,葉,600
83,0.3333333333333333,風,593
83,0.3333333333333333,紅,568
83,0.3333333333333333,荷,507
83,0.3333333333333333,香,473
83,0.3333333333333333,塘,453
83,0.3333333333333333,碧,374
83,0.3333333333333333,曲,348
83,0.3333333333333333,小,333
83,0.3333333333333333,滿,317
83,0.3333333333333333,新,279
83,0.3333333333333333,起,260
83,0.3333333333333333,煙,253
83,0.3333333333333333,采,248
83,0.3333333333333333,亭,200
84,0.3333333333333333,病,972
84,0.3333333333333333,老,917
84,0.3333333333333333,閒,743
84,0.3333333333333333,身,637
84,0.3333333333333333,臥,574
84,0.3333333333333333,事,537
84,0.3333333333333333,無,410
84,0.3333333333333333,未,398
84,0.3333333333333333,醉,369
84,0.3333333333333333,酒,354
84,0.3333333333333333,猶,341
84,0.3333333333333333,一,327
84,0.3333333333333333,唯,297
84,0.3333333333333333,來,288
84,0.3333333333333333,狂,258
84,0.3333333333333333,計,241
84,0.3333333333333333,忙,216
84,0.3333333333333333,吟,211
84,0.3333333333333333,眼,209
84,0.3333333333333333,時,205
85,0.3333333333333333,年,1775
85,0.3333333333333333,來,1437
85,0.3333333333333333,往,1318
85,0.3333333333333333,去,1121
85,0.3333333333333333,今,1118
85,0.3333333333333333,日,916
85,0.3333333333333333,歲,635
85,0.3333333333333333,時,617
85,0.3333333333333333,已,607
85,0.3333333333333333,還,590
85,0.3333333333333333,復,488
85,0.3333333333333333,長,464
85,0.3333333333333333,幾,375
85,0.3333333333333333,朝,293
85,0.3333333333333333,在,236
85,0.3333333333333333,盡,235
85,0.3333333333333333,從,223
85,0.3333333333333333,無,218
85,0.3333333333333333,此,214
85,0.3333333333333333,又,211
86,0.3333333333333333,非,629
86,0.3333333333333333,未,614
86,0.3333333333333333,自,611
86,0.3333333333333333,慚,490
86,0.3333333333333333,難,476
86,0.3333333333333333,豈,461
86,0.3333333333333333,寧,451
86,0.3333333333333333,終,391
86,0.3333333333333333,心,375
86,0.3333333333333333,愧,367
86,0.3333333333333333,常,314
86,0.3333333333333333,勞,310
86,0.3333333333333333,忘,305
86,0.3333333333333333,負,282
86,0.3333333333333333,薄,276
86,0.3333333333333333,憂,264
86,0.3333333333333333,已,264
86,0.3333333333333333,尚,257
86,0.3333333333333333,顧,256
86,0.3333333333333333,言,253
87,0.3333333333333333,雨,1993
87,0.3333333333333333,風,1336
87,0.3333333333333333,煙,781
87,0.3333333333333333,雲,636
87,0.3333333333333333,微,528
87,0.3333333333333333,細,485
87,0.3333333333333333,晴,465
87,0.3333333333333333,溼,453
87,0.3333333333333333,寒,447
87,0.3333333333333333,落,425
87,0.3333333333333333,草,363
87,0.3333333333333333,吹,334
87,0.3333333333333333,濛,330
87,0.3333333333333333,空,328
87,0.3333333333333333,露,302
87,0.3333333333333333,輕,282
87,0.3333333333333333,急,273
87,0.3333333333333333,秋,267
87,0.3333333333333333,晚,264
87,0.3333333333333333,色,261
88,0.3333333333333333,石,1558
88,0.3333333333333333,峰,907
88,0.3333333333333333,巖,839
88,0.3333333333333333,山,646
88,0.3333333333333333,泉,510
88,0.3333333333333333,松,510
88,0.3333333333333333,雲,445
88,0.3333333333333333,崖,387
88,0.3333333333333333,翠,386
88,0.3333333333333333,壁,380
88,0.3333333333333333,絕,319
88,0.3333333333333333,猿,316
88,0.3333333333333333,蘿,295
88,0.3333333333333333,溪,287
88,0.3333333333333333,壑,286
88,0.3333333333333333,危,241
88,0.3333333333333333,洞,235
88,0.3333333333333333,瀑,221
88,0.3333333333333333,嶺,215
88,0.3333333333333333,幽,206
89,0.3333333333333333,海,1926
89,0.3333333333333333,滄,756
89,0.3333333333333333,江,725
89,0.3333333333333333,天,677
89,0.3333333333333333,漫,652
89,0.3333333333333333,波,555
89,0.3333333333333333,浪,396
89,0.3333333333333333,雲,343
89,0.3333333333333333,渺,338
89,0.3333333333333333,上,336
89,0.3333333333333333,風,331
89,0.3333333333333333,越,324
89,0.3333333333333333,遠,322
89,0.3333333333333333,東,309
89,0.3333333333333333,洲,302
89,0.3333333333333333,歸,291
89,0.3333333333333333,湖,268
89,0.3333333333333333,濤,266
89,0.3333333333333333,山,261
89,0.3333333333333333,孤,254
90,0.3333333333333333,歸,2696
90,0.3333333333333333,衣,1942
90,0.3333333333333333,飛,1815
90,0.3333333333333333,微,1373
90,0.3333333333333333,稀,1170
90,0.3333333333333333,依,918
90,0.3333333333333333,扉,481
90,0.3333333333333333,機,463
90,0.3333333333333333,暉,409
90,0.3333333333333333,違,374
90,0.3333333333333333,霏,341
90,0.3333333333333333,輝,330
90,0.3333333333333333,掩,309
90,0.3333333333333333,鳥,235
90,0.3333333333333333,去,199
90,0.3333333333333333,圍,176
90,0.3333333333333333,著,158
90,0.3333333333333333,非,150
90,0.3333333333333333,威,142
90,0.3333333333333333,肥,138
91,0.3333333333333333,生,1501
91,0.3333333333333333,情,1412
91,0.3333333333333333,聲,1067
91,0.3333333333333333,行,1054
91,0.3333333333333333,平,1020
91,0.3333333333333333,輕,854
91,0.3333333333333333,明,785
91,0.3333333333333333,城,717
91,0.3333333333333333,名,694
91,0.3333333333333333,清,608
91,0.3333333333333333,成,605
91,0.3333333333333333,重,415
91,0.3333333333333333,橫,379
91,0.3333333333333333,營,373
91,0.3333333333333333,鳴,345
91,0.3333333333333333,迎,268
91,0.3333333333333333,京,265
91,0.3333333333333333,纓,250
91,0.3333333333333333,縱,247
91,0.3333333333333333,程,198
92,0.3333333333333333,惡,243
92,0.3333333333333333,敢,206
92,0.3333333333333333,危,198
92,0.3333333333333333,驅,184
92,0.3333333333333333,遭,171
92,0.3333333333333333,窮,171
92,0.3333333333333333,力,171
92,0.3333333333333333,禍,170
92,0.3333333333333333,狼,161
92,0.3333333333333333,虎,151
92,0.3333333333333333,妖,147
92,0.3333333333333333,毒,145
92,0.3333333333333333,直,145
92,0.3333333333333333,險,138
92,0.3333333333333333,徒,137
92,0.3333333333333333,競,134
92,0.3333333333333333,死,133
92,0.3333333333333333,大,132
92,0.3333333333333333,忠,123
92,0.3333333333333333,愚,121
93,0.3333333333333333,禮,536
93,0.3333333333333333,神,501
93,0.3333333333333333,德,493
93,0.3333333333333333,惟,477
93,0.3333333333333333,肅,463
93,0.3333333333333333,靈,372
93,0.3333333333333333,樂,339
93,0.3333333333333333,明,315
93,0.3333333333333333,以,289
93,0.3333333333333333,降,282
93,0.3333333333333333,既,279
93,0.3333333333333333,薦,278
93,0.3333333333333333,昭,269
93,0.3333333333333333,永,260
93,0.3333333333333333,盛,252
93,0.3333333333333333,誠,252
93,0.3333333333333333,載,244
93,0.3333333333333333,陳,242
93,0.3333333333333333,斯,222
93,0.3333333333333333,儀,208
94,0.3333333333333333,重,1905
94,0.3333333333333333,逢,816
94,0.3333333333333333,相,774
94,0.3333333333333333,容,770
94,0.3333333333333333,從,726
94,0.3333333333333333,峰,636
94,0.3333333333333333,幾,541
94,0.3333333333333333,見,498
94,0.3333333333333333,山,456
94,0.3333333333333333,來,412
94,0.3333333333333333,此,409
94,0.3333333333333333,處,363
94,0.3333333333333333,去,335
94,0.3333333333333333,蹤,325
94,0.3333333333333333,鐘,313
94,0.3333333333333333,濃,296
94,0.3333333333333333,舊,294
94,0.3333333333333333,留,285
94,0.3333333333333333,因,280
94,0.3333333333333333,雪,278
95,0.3333333333333333,朝,812
95,0.3333333333333333,紫,519
95,0.3333333333333333,朱,465
95,0.3333333333333333,闕,403
95,0.3333333333333333,列,372
95,0.3333333333333333,冠,324
95,0.3333333333333333,丹,309
95,0.3333333333333333,禁,301
95,0.3333333333333333,簪,286
95,0.3333333333333333,開,272
95,0.3333333333333333,接,271
95,0.3333333333333333,華,268
95,0.3333333333333333,蓋,240
95,0.3333333333333333,閣,236
95,0.3333333333333333,軒,233
95,0.3333333333333333,對,230
95,0.3333333333333333,漏,220
95,0.3333333333333333,重,218
95,0.3333333333333333,近,204
95,0.3333333333333333,門,186
96,0.3333333333333333,南,2821
96,0.3333333333333333,北,2245
96,0.3333333333333333,東,1858
96,0.3333333333333333,西,1831
96,0.3333333333333333,山,786
96,0.3333333333333333,水,599
96,0.3333333333333333,江,575
96,0.3333333333333333,向,413
96,0.3333333333333333,去,404
96,0.3333333333333333,地,362
96,0.3333333333333333,國,361
96,0.3333333333333333,流,325
96,0.3333333333333333,行,271
96,0.3333333333333333,復,265
96,0.3333333333333333,日,247
96,0.3333333333333333,陵,158
96,0.3333333333333333,斗,149
96,0.3333333333333333,歸,131
96,0.3333333333333333,終,129
96,0.3333333333333333,雁,129
97,0.3333333333333333,見,1125
97,0.3333333333333333,人,973
97,0.3333333333333333,子,822
97,0.3333333333333333,聞,746
97,0.3333333333333333,行,719
97,0.3333333333333333,家,693
97,0.3333333333333333,不,678
97,0.3333333333333333,中,655
97,0.3333333333333333,弟,601
97,0.3333333333333333,兄,485
97,0.3333333333333333,相,474
97,0.3333333333333333,少,473
97,0.3333333333333333,道,396
97,0.3333333333333333,在,367
97,0.3333333333333333,長,365
97,0.3333333333333333,上,338
97,0.3333333333333333,出,321
97,0.3333333333333333,說,304
97,0.3333333333333333,有,284
97,0.3333333333333333,入,263
98,0.3333333333333333,光,1363
98,0.3333333333333333,日,640
98,0.3333333333333333,色,609
98,0.3333333333333333,照,596
98,0.3333333333333333,明,552
98,0.3333333333333333,初,551
98,0.3333333333333333,清,505
98,0.3333333333333333,氣,495
98,0.3333333333333333,動,450
98,0.3333333333333333,分,437
98,0.3333333333333333,出,431
98,0.3333333333333333,微,426
98,0.3333333333333333,連,362
98,0.3333333333333333,開,310
98,0.3333333333333333,影,300
98,0.3333333333333333,浮,292
98,0.3333333333333333,含,272
98,0.3333333333333333,合,250
98,0.3333333333333333,流,249
98,0.3333333333333333,輝,246
99,0.3333333333333333,玉,1401
99,0.3333333333333333,鳳,1388
99,0.3333333333333333,金,932
99,0.3333333333333333,龍,861
99,0.3333333333333333,仙,621
99,0.3333333333333333,臺,470
99,0.3333333333333333,上,459
99,0.3333333333333333,鸞,436
99,0.3333333333333333,吹,421
99,0.3333333333333333,飛,395
99,0.3333333333333333,雲,376
99,0.3333333333333333,宮,360
99,0.3333333333333333,瑤,358
99,0.3333333333333333,樓,355
99,0.3333333333333333,紫,349
99,0.3333333333333333,王,328
99,0.3333333333333333,簫,316
99,0.3333333333333333,皇,296
99,0.3333333333333333,池,272
99,0.3333333333333333,閣,258
100,0.3333333333333333,春,965
100,0.3333333333333333,好,799
100,0.3333333333333333,新,735
100,0.3333333333333333,宜,651
100,0.3333333333333333,早,629
100,0.3333333333333333,偏,548
100,0.3333333333333333,晚,526
100,0.3333333333333333,憐,525
100,0.3333333333333333,色,510
100,0.3333333333333333,更,429
100,0.3333333333333333,可,403
100,0.3333333333333333,近,397
100,0.3333333333333333,景,373
100,0.3333333333333333,風,362
100,0.3333333333333333,正,346
100,0.3333333333333333,堪,330
100,0.3333333333333333,初,325
100,0.3333333333333333,勝,321
100,0.3333333333333333,最,302
100,0.3333333333333333,花,294
101,0.3333333333333333,閒,807
101,0.3333333333333333,藥,755
101,0.3333333333333333,客,677
101,0.3333333333333333,多,652
101,0.3333333333333333,病,486
101,0.3333333333333333,酒,471
101,0.3333333333333333,居,453
101,0.3333333333333333,貧,390
101,0.3333333333333333,近,382
101,0.3333333333333333,竹,375
101,0.3333333333333333,僧,374
101,0.3333333333333333,愛,292
101,0.3333333333333333,棋,274
101,0.3333333333333333,靜,274
101,0.3333333333333333,自,267
101,0.3333333333333333,野,246
101,0.3333333333333333,少,228
101,0.3333333333333333,疏,224
101,0.3333333333333333,尋,224
101,0.3333333333333333,常,219
102,0.3333333333333333,門,1750
102,0.3333333333333333,昏,769
102,0.3333333333333333,言,663
102,0.3333333333333333,喧,621
102,0.3333333333333333,論,531
102,0.3333333333333333,尊,498
102,0.3333333333333333,存,485
102,0.3333333333333333,翻,461
102,0.3333333333333333,軒,461
102,0.3333333333333333,孫,412
102,0.3333333333333333,園,379
102,0.3333333333333333,根,367
102,0.3333333333333333,繁,365
102,0.3333333333333333,魂,364
102,0.3333333333333333,入,337
102,0.3333333333333333,村,312
102,0.3333333333333333,道,297
102,0.3333333333333333,源,296
102,0.3333333333333333,恩,279
102,0.3333333333333333,至,274
103,0.3333333333333333,悵,1071
103,0.3333333333333333,回,1028
103,0.3333333333333333,首,808
103,0.3333333333333333,惆,760
103,0.3333333333333333,望,649
103,0.3333333333333333,別,605
103,0.3333333333333333,歸,572
103,0.3333333333333333,春,474
103,0.3333333333333333,去,428
103,0.3333333333333333,日,388
103,0.3333333333333333,處,382
103,0.3333333333333333,一,364
103,0.3333333333333333,幾,362
103,0.3333333333333333,落,342
103,0.3333333333333333,送,329
103,0.3333333333333333,盡,326
103,0.3333333333333333,相,319
103,0.3333333333333333,又,313
103,0.3333333333333333,人,307
103,0.3333333333333333,東,306
104,0.3333333333333333,雪,2405
104,0.3333333333333333,寒,1450
104,0.3333333333333333,春,702
104,0.3333333333333333,冰,662
104,0.3333333333333333,風,662
104,0.3333333333333333,梅,466
104,0.3333333333333333,霜,444
104,0.3333333333333333,暖,395
104,0.3333333333333333,冬,365
104,0.3333333333333333,氣,323
104,0.3333333333333333,早,311
104,0.3333333333333333,和,300
104,0.3333333333333333,凍,295
104,0.3333333333333333,候,260
104,0.3333333333333333,臘,258
104,0.3333333333333333,應,252
104,0.3333333333333333,迎,238
104,0.3333333333333333,發,234
104,0.3333333333333333,初,234
104,0.3333333333333333,歲,222
105,0.3333333333333333,無,1296
105,0.3333333333333333,長,1025
105,0.3333333333333333,人,910
105,0.3333333333333333,息,891
105,0.3333333333333333,不,767
105,0.3333333333333333,日,685
105,0.3333333333333333,消,602
105,0.3333333333333333,有,536
105,0.3333333333333333,行,530
105,0.3333333333333333,生,518
105,0.3333333333333333,盡,475
105,0.3333333333333333,未,469
105,0.3333333333333333,一,416
105,0.3333333333333333,安,393
105,0.3333333333333333,空,389
105,0.3333333333333333,道,383
105,0.3333333333333333,色,371
105,0.3333333333333333,歎,369
105,0.3333333333333333,何,333
105,0.3333333333333333,識,276
106,0.3333333333333333,寂,1822
106,0.3333333333333333,空,919
106,0.3333333333333333,寥,831
106,0.3333333333333333,寞,601
106,0.3333333333333333,落,584
106,0.3333333333333333,無,551
106,0.3333333333333333,人,464
106,0.3333333333333333,思,431
106,0.3333333333333333,秋,366
106,0.3333333333333333,門,361
106,0.3333333333333333,草,357
106,0.3333333333333333,獨,350
106,0.3333333333333333,客,303
106,0.3333333333333333,對,292
106,0.3333333333333333,歷,285
106,0.3333333333333333,盡,269
106,0.3333333333333333,風,269
106,0.3333333333333333,誰,257
106,0.3333333333333333,更,237
106,0.3333333333333333,遙,232
107,0.3333333333333333,陽,2602
107,0.3333333333333333,洛,1236
107,0.3333333333333333,東,876
107,0.3333333333333333,水,770
107,0.3333333333333333,夕,594
107,0.3333333333333333,城,587
107,0.3333333333333333,流,473
107,0.3333333333333333,上,430
107,0.3333333333333333,行,426
107,0.3333333333333333,西,400
107,0.3333333333333333,南,387
107,0.3333333333333333,橋,375
107,0.3333333333333333,遊,320
107,0.3333333333333333,朝,318
107,0.3333333333333333,嵩,299
107,0.3333333333333333,河,289
107,0.3333333333333333,長,281
107,0.3333333333333333,歸,268
107,0.3333333333333333,山,265
107,0.3333333333333333,川,263
108,0.3333333333333333,青,1348
108,0.3333333333333333,冥,833
108,0.3333333333333333,庭,675
108,0.3333333333333333,山,558
108,0.3333333333333333,經,527
108,0.3333333333333333,白,508
108,0.3333333333333333,星,451
108,0.3333333333333333,亭,450
108,0.3333333333333333,聽,384
108,0.3333333333333333,杳,377
108,0.3333333333333333,雲,368
108,0.3333333333333333,在,319
108,0.3333333333333333,天,308
108,0.3333333333333333,一,293
108,0.3333333333333333,形,274
108,0.3333333333333333,下,265
108,0.3333333333333333,空,263
108,0.3333333333333333,靈,250
108,0.3333333333333333,洞,214
108,0.3333333333333333,入,211
109,0.3333333333333333,將,1021
109,0.3333333333333333,軍,1000
109,0.3333333333333333,兵,845
109,0.3333333333333333,旗,608
109,0.3333333333333333,戰,590
109,0.3333333333333333,旌,505
109,0.3333333333333333,劍,494
109,0.3333333333333333,戎,469
109,0.3333333333333333,馬,455
109,0.3333333333333333,功,431
109,0.3333333333333333,弓,370
109,0.3333333333333333,戈,339
109,0.3333333333333333,騎,324
109,0.3333333333333333,武,283
109,0.3333333333333333,陣,260
109,0.3333333333333333,雄,252
109,0.3333333333333333,營,249
109,0.3333333333333333,虜,248
109,0.3333333333333333,射,242
109,0.3333333333333333,羽,221
110,0.3333333333333333,詩,2006
110,0.3333333333333333,吟,1328
110,0.3333333333333333,句,738
110,0.3333333333333333,新,679
110,0.3333333333333333,多,510
110,0.3333333333333333,詠,461
110,0.3333333333333333,高,459
110,0.3333333333333333,謝,402
110,0.3333333333333333,題,381
110,0.3333333333333333,得,377
110,0.3333333333333333,興,351
110,0.3333333333333333,思,339
110,0.3333333333333333,名,332
110,0.3333333333333333,清,316
110,0.3333333333333333,因,304
110,0.3333333333333333,賦,290
110,0.3333333333333333,情,290
110,0.3333333333333333,苦,288
110,0.3333333333333333,愛,255
110,0.3333333333333333,才,236
111,0.3333333333333333,江,2348
111,0.3333333333333333,水,946
111,0.3333333333333333,樓,628
111,0.3333333333333333,上,616
111,0.3333333333333333,南,585
111,0.3333333333333333,海,538
111,0.3333333333333333,客,486
111,0.3333333333333333,船,438
111,0.3333333333333333,頭,400
111,0.3333333333333333,城,400
111,0.3333333333333333,邊,399
111,0.3333333333333333,潮,357
111,0.3333333333333333,湖,355
111,0.3333333333333333,渡,341
111,0.3333333333333333,送,338
111,0.3333333333333333,楚,332
111,0.3333333333333333,吳,320
111,0.3333333333333333,州,310
111,0.3333333333333333,陵,303
111,0.3333333333333333,越,278
112,0.3333333333333333,山,1559
112,0.3333333333333333,遠,995
112,0.3333333333333333,水,758
112,0.3333333333333333,野,750
112,0.3333333333333333,路,703
112,0.3333333333333333,樹,644
112,0.3333333333333333,客,612
112,0.3333333333333333,鳥,574
112,0.3333333333333333,去,568
112,0.3333333333333333,雨,513
112,0.3333333333333333,煙,503
112,0.3333333333333333,歸,486
112,0.3333333333333333,近,481
112,0.3333333333333333,過,429
112,0.3333333333333333,孤,393
112,0.3333333333333333,雲,387
112,0.3333333333333333,色,364
112,0.3333333333333333,入,328
112,0.3333333333333333,帶,289
112,0.3333333333333333,聲,285
113,0.3333333333333333,不,1921
113,0.3333333333333333,人,977
113,0.3333333333333333,自,790
113,0.3333333333333333,能,739
113,0.3333333333333333,知,703
113,0.3333333333333333,為,593
113,0.3333333333333333,莫,545
113,0.3333333333333333,學,471
113,0.3333333333333333,取,444
113,0.3333333333333333,得,439
113,0.3333333333333333,誰,421
113,0.3333333333333333,將,419
113,0.3333333333333333,愛,418
113,0.3333333333333333,解,384
113,0.3333333333333333,作,350
113,0.3333333333333333,用,338
113,0.3333333333333333,力,303
113,0.3333333333333333,笑,298
113,0.3333333333333333,道,278
113,0.3333333333333333,令,263
114,0.3333333333333333,官,1086
114,0.3333333333333333,郎,691
114,0.3333333333333333,朝,527
114,0.3333333333333333,直,357
114,0.3333333333333333,府,339
114,0.3333333333333333,才,336
114,0.3333333333333333,省,329
114,0.3333333333333333,書,300
114,0.3333333333333333,吏,296
114,0.3333333333333333,史,296
114,0.3333333333333333,司,277
114,0.3333333333333333,門,271
114,0.3333333333333333,舊,268
114,0.3333333333333333,文,265
114,0.3333333333333333,同,242
114,0.3333333333333333,名,237
114,0.3333333333333333,曹,225
114,0.3333333333333333,拜,219
114,0.3333333333333333,閣,214
114,0.3333333333333333,重,205
115,0.3333333333333333,山,1782
115,0.3333333333333333,林,865
115,0.3333333333333333,石,826
115,0.3333333333333333,泉,728
115,0.3333333333333333,深,714
115,0.3333333333333333,幽,644
115,0.3333333333333333,隱,587
115,0.3333333333333333,雲,569
115,0.3333333333333333,水,567
115,0.3333333333333333,谷,566
115,0.3333333333333333,澗,485
115,0.3333333333333333,松,483
115,0.3333333333333333,巖,476
115,0.3333333333333333,入,472
115,0.3333333333333333,溪,462
115,0.3333333333333333,野,389
115,0.3333333333333333,竹,332
115,0.3333333333333333,清,307
115,0.3333333333333333,木,296
115,0.3333333333333333,繞,250
116,0.3333333333333333,城,938
116,0.3333333333333333,郡,559
116,0.3333333333333333,吏,557
116,0.3333333333333333,縣,482
116,0.3333333333333333,守,482
116,0.3333333333333333,州,473
116,0.3333333333333333,官,471
116,0.3333333333333333,公,448
116,0.3333333333333333,下,422
116,0.3333333333333333,行,338
116,0.3333333333333333,邑,325
116,0.3333333333333333,使,311
116,0.3333333333333333,辭,309
116,0.3333333333333333,出,290
116,0.3333333333333333,政,285
116,0.3333333333333333,事,261
116,0.3333333333333333,馬,249
116,0.3333333333333333,府,248
116,0.3333333333333333,迎,243
116,0.3333333333333333,東,225
117,0.3333333333333333,月,2572
117,0.3333333333333333,夜,1916
117,0.3333333333333333,明,1273
117,0.3333333333333333,庭,767
117,0.3333333333333333,中,727
117,0.3333333333333333,秋,699
117,0.3333333333333333,風,686
117,0.3333333333333333,上,679
117,0.3333333333333333,半,670
117,0.3333333333333333,滿,597
117,0.3333333333333333,樓,476
117,0.3333333333333333,洞,359
117,0.3333333333333333,照,348
117,0.3333333333333333,入,332
117,0.3333333333333333,前,332
117,0.3333333333333333,樹,299
117,0.3333333333333333,宿,289
117,0.3333333333333333,西,285
117,0.3333333333333333,一,277
117,0.3333333333333333,更,253
118,0.3333333333333333,龍,1106
118,0.3333333333333333,雷,497
118,0.3333333333333333,神,399
118,0.3333333333333333,騰,392
118,0.3333333333333333,虎,391
118,0.3333333333333333,驚,316
118,0.3333333333333333,蛇,293
118,0.3333333333333333,海,291
118,0.3333333333333333,蛟,268
118,0.3333333333333333,天,261
118,0.3333333333333333,電,243
118,0.3333333333333333,大,242
118,0.3333333333333333,波,235
118,0.3333333333333333,勢,232
118,0.3333333333333333,橫,209
118,0.3333333333333333,奔,199
118,0.3333333333333333,氣,198
118,0.3333333333333333,潛,194
118,0.3333333333333333,倒,189
118,0.3333333333333333,翻,188
119,0.3333333333333333,兒,1406
119,0.3333333333333333,子,1077
119,0.3333333333333333,不,769
119,0.3333333333333333,女,569
119,0.3333333333333333,家,561
119,0.3333333333333333,小,554
119,0.3333333333333333,頭,518
119,0.3333333333333333,大,418
119,0.3333333333333333,童,352
119,0.3333333333333333,夫,344
119,0.3333333333333333,老,304
119,0.3333333333333333,男,300
119,0.3333333333333333,作,286
119,0.3333333333333333,母,280
119,0.3333333333333333,父,255
119,0.3333333333333333,婦,252
119,0.3333333333333333,錢,251
119,0.3333333333333333,語,250
119,0.3333333333333333,妻,241
119,0.3333333333333333,呼,232
120,0.3333333333333333,路,1883
120,0.3333333333333333,行,1604
120,0.3333333333333333,別,1087
120,0.3333333333333333,遠,932
120,0.3333333333333333,離,888
120,0.3333333333333333,難,613
120,0.3333333333333333,去,589
120,0.3333333333333333,客,568
120,0.3333333333333333,歸,508
120,0.3333333333333333,程,457
120,0.3333333333333333,道,358
120,0.3333333333333333,岐,334
120,0.3333333333333333,留,326
120,0.3333333333333333,前,316
120,0.3333333333333333,分,313
120,0.3333333333333333,途,244
120,0.3333333333333333,鄉,242
120,0.3333333333333333,征,216
120,0.3333333333333333,多,205
120,0.3333333333333333,念,199
121,0.3333333333333333,歌,1965
121,0.3333333333333333,樂,1072
121,0.3333333333333333,舞,868
121,0.3333333333333333,歡,863
121,0.3333333333333333,曲,620
121,0.3333333333333333,醉,603
121,0.3333333333333333,宴,529
121,0.3333333333333333,筵,519
121,0.3333333333333333,酒,488
121,0.3333333333333333,管,367
121,0.3333333333333333,留,360
121,0.3333333333333333,笙,348
121,0.3333333333333333,席,327
121,0.3333333333333333,堂,300
121,0.3333333333333333,散,290
121,0.3333333333333333,賓,272
121,0.3333333333333333,燭,261
121,0.3333333333333333,會,259
121,0.3333333333333333,弦,231
121,0.3333333333333333,座,220
122,0.3333333333333333,月,1126
122,0.3333333333333333,玉,1084
122,0.3333333333333333,明,790
122,0.3333333333333333,光,769
122,0.3333333333333333,珠,704
122,0.3333333333333333,金,644
122,0.3333333333333333,鏡,553
122,0.3333333333333333,照,520
122,0.3333333333333333,天,414
122,0.3333333333333333,圓,406
122,0.3333333333333333,輪,338
122,0.3333333333333333,團,306
122,0.3333333333333333,中,299
122,0.3333333333333333,夜,286
122,0.3333333333333333,銀,267
122,0.3333333333333333,清,264
122,0.3333333333333333,桂,208
122,0.3333333333333333,影,205
122,0.3333333333333333,星,197
122,0.3333333333333333,懸,193
123,0.3333333333333333,朝,1510
123,0.3333333333333333,暮,969
123,0.3333333333333333,來,806
123,0.3333333333333333,日,785
123,0.3333333333333333,陽,634
123,0.3333333333333333,逐,526
123,0.3333333333333333,長,517
123,0.3333333333333333,此,490
123,0.3333333333333333,夕,483
123,0.3333333333333333,從,470
123,0.3333333333333333,未,458
123,0.3333333333333333,風,427
123,0.3333333333333333,隨,425
123,0.3333333333333333,起,400
123,0.3333333333333333,在,349
123,0.3333333333333333,已,331
123,0.3333333333333333,歸,312
123,0.3333333333333333,入,300
123,0.3333333333333333,至,261
123,0.3333333333333333,中,251
124,0.3333333333333333,芳,1039
124,0.3333333333333333,蘭,961
124,0.3333333333333333,光,546
124,0.3333333333333333,華,542
124,0.3333333333333333,香,402
124,0.3333333333333333,含,381
124,0.3333333333333333,露,375
124,0.3333333333333333,清,349
124,0.3333333333333333,桂,341
124,0.3333333333333333,景,327
124,0.3333333333333333,幽,282
124,0.3333333333333333,蕙,276
124,0.3333333333333333,樹,270
124,0.3333333333333333,佳,233
124,0.3333333333333333,秀,210
124,0.3333333333333333,麗,204
124,0.3333333333333333,風,204
124,0.3333333333333333,餘,199
124,0.3333333333333333,美,197
124,0.3333333333333333,瓊,194
125,0.3333333333333333,風,1382
125,0.3333333333333333,飄,1247
125,0.3333333333333333,落,975
125,0.3333333333333333,雲,700
125,0.3333333333333333,散,690
125,0.3333333333333333,飛,551
125,0.3333333333333333,空,501
125,0.3333333333333333,隨,486
125,0.3333333333333333,起,409
125,0.3333333333333333,翩,403
125,0.3333333333333333,流,392
125,0.3333333333333333,輕,382
125,0.3333333333333333,中,371
125,0.3333333333333333,搖,329
125,0.3333333333333333,驚,322
125,0.3333333333333333,吹,300
125,0.3333333333333333,逐,282
125,0.3333333333333333,度,252
125,0.3333333333333333,拂,243
125,0.3333333333333333,影,238
126,0.3333333333333333,仙,1666
126,0.3333333333333333,鶴,1028
126,0.3333333333333333,雲,843
126,0.3333333333333333,煙,711
126,0.3333333333333333,霞,690
126,0.3333333333333333,洞,640
126,0.3333333333333333,丹,513
126,0.3333333333333333,玉,487
126,0.3333333333333333,紫,477
126,0.3333333333333333,羽,393
126,0.3333333333333333,碧,376
126,0.3333333333333333,壇,326
126,0.3333333333333333,靈,325
126,0.3333333333333333,霄,294
126,0.3333333333333333,芝,285
126,0.3333333333333333,真,273
126,0.3333333333333333,華,244
126,0.3333333333333333,神,230
126,0.3333333333333333,松,205
126,0.3333333333333333,駕,200
127,0.3333333333333333,不,1631
127,0.3333333333333333,知,1060
127,0.3333333333333333,可,1058
127,0.3333333333333333,誰,1022
127,0.3333333333333333,憐,710
127,0.3333333333333333,未,681
127,0.3333333333333333,能,651
127,0.3333333333333333,自,588
127,0.3333333333333333,得,559
127,0.3333333333333333,堪,545
127,0.3333333333333333,那,545
127,0.3333333333333333,是,441
127,0.3333333333333333,更,416
127,0.3333333333333333,應,410
127,0.3333333333333333,豈,354
127,0.3333333333333333,有,346
127,0.3333333333333333,解,345
127,0.3333333333333333,無,340
127,0.3333333333333333,難,333
127,0.3333333333333333,肯,293
128,0.3333333333333333,時,1825
128,0.3333333333333333,期,1639
128,0.3333333333333333,遲,1627
128,0.3333333333333333,知,539
128,0.3333333333333333,思,517
128,0.3333333333333333,枝,486
128,0.3333333333333333,相,469
128,0.3333333333333333,日,402
128,0.3333333333333333,未,336
128,0.3333333333333333,詩,335
128,0.3333333333333333,此,333
128,0.3333333333333333,悲,330
128,0.3333333333333333,後,306
128,0.3333333333333333,絲,285
128,0.3333333333333333,當,284
128,0.3333333333333333,早,239
128,0.3333333333333333,師,228
128,0.3333333333333333,佳,215
128,0.3333333333333333,去,214
128,0.3333333333333333,應,204
129,0.3333333333333333,然,1048
129,0.3333333333333333,天,888
129,0.3333333333333333,前,847
129,0.3333333333333333,年,845
129,0.3333333333333333,泉,503
129,0.3333333333333333,邊,397
129,0.3333333333333333,旋,388
129,0.3333333333333333,綿,382
129,0.3333333333333333,眠,371
129,0.3333333333333333,在,332
129,0.3333333333333333,川,332
129,0.3333333333333333,田,324
129,0.3333333333333333,傳,322
129,0.3333333333333333,全,315
129,0.3333333333333333,賢,305
129,0.3333333333333333,地,305
129,0.3333333333333333,偏,281
129,0.3333333333333333,自,272
129,0.3333333333333333,中,238
129,0.3333333333333333,鮮,233
130,0.3333333333333333,枝,894
130,0.3333333333333333,葉,670
130,0.3333333333333333,樹,656
130,0.3333333333333333,木,614
130,0.3333333333333333,根,555
130,0.3333333333333333,地,461
130,0.3333333333333333,枯,458
130,0.3333333333333333,生,386
130,0.3333333333333333,霜,345
130,0.3333333333333333,松,339
130,0.3333333333333333,移,332
130,0.3333333333333333,陰,319
130,0.3333333333333333,青,302
130,0.3333333333333333,桂,279
130,0.3333333333333333,成,275
130,0.3333333333333333,高,265
130,0.3333333333333333,草,249
130,0.3333333333333333,株,211
130,0.3333333333333333,雪,211
130,0.3333333333333333,榮,197
131,0.3333333333333333,人,1784
131,0.3333333333333333,無,1649
131,0.3333333333333333,有,1109
131,0.3333333333333333,不,882
131,0.3333333333333333,為,871
131,0.3333333333333333,來,804
131,0.3333333333333333,中,737
131,0.3333333333333333,主,722
131,0.3333333333333333,莫,668
131,0.3333333333333333,誰,650
131,0.3333333333333333,言,595
131,0.3333333333333333,一,443
131,0.3333333333333333,多,393
131,0.3333333333333333,語,384
131,0.3333333333333333,事,354
131,0.3333333333333333,家,346
131,0.3333333333333333,在,317
131,0.3333333333333333,是,304
131,0.3333333333333333,地,294
131,0.3333333333333333,問,268
132,0.3333333333333333,遙,1710
132,0.3333333333333333,望,1164
132,0.3333333333333333,山,1009
132,0.3333333333333333,雲,722
132,0.3333333333333333,上,698
132,0.3333333333333333,日,477
132,0.3333333333333333,高,457
132,0.3333333333333333,連,433
132,0.3333333333333333,天,431
132,0.3333333333333333,見,428
132,0.3333333333333333,登,396
132,0.3333333333333333,路,375
132,0.3333333333333333,樓,363
132,0.3333333333333333,空,339
132,0.3333333333333333,中,330
132,0.3333333333333333,水,317
132,0.3333333333333333,想,302
132,0.3333333333333333,臨,260
132,0.3333333333333333,極,259
132,0.3333333333333333,樹,253
133,0.3333333333333333,相,2277
133,0.3333333333333333,君,1020
133,0.3333333333333333,逢,703
133,0.3333333333333333,知,656
133,0.3333333333333333,時,644
133,0.3333333333333333,未,578
133,0.3333333333333333,問,565
133,0.3333333333333333,日,557
133,0.3333333333333333,來,536
133,0.3333333333333333,子,410
133,0.3333333333333333,笑,340
133,0.3333333333333333,今,318
133,0.3333333333333333,喜,297
133,0.3333333333333333,成,263
133,0.3333333333333333,憶,257
133,0.3333333333333333,羨,251
133,0.3333333333333333,親,251
133,0.3333333333333333,門,249
133,0.3333333333333333,會,245
133,0.3333333333333333,一,241
134,0.3333333333333333,竹,1129
134,0.3333333333333333,苔,769
134,0.3333333333333333,井,511
134,0.3333333333333333,雨,372
134,0.3333333333333333,石,370
134,0.3333333333333333,階,357
134,0.3333333333333333,徑,354
134,0.3333333333333333,穿,291
134,0.3333333333333333,幽,290
134,0.3333333333333333,桐,284
134,0.3333333333333333,陰,272
134,0.3333333333333333,綠,271
134,0.3333333333333333,脈,265
134,0.3333333333333333,侵,264
134,0.3333333333333333,屋,260
134,0.3333333333333333,疏,255
134,0.3333333333333333,窗,254
134,0.3333333333333333,深,253
134,0.3333333333333333,砌,248
134,0.3333333333333333,蘚,234
135,0.3333333333333333,宮,1754
135,0.3333333333333333,殿,1127
135,0.3333333333333333,金,879
135,0.3333333333333333,玉,735
135,0.3333333333333333,御,658
135,0.3333333333333333,龍,418
135,0.3333333333333333,天,413
135,0.3333333333333333,王,381
135,0.3333333333333333,香,345
135,0.3333333333333333,禁,343
135,0.3333333333333333,輦,324
135,0.3333333333333333,苑,278
135,0.3333333333333333,樓,266
135,0.3333333333333333,侍,244
135,0.3333333333333333,鳳,241
135,0.3333333333333333,入,233
135,0.3333333333333333,仙,231
135,0.3333333333333333,皇,231
135,0.3333333333333333,仗,227
135,0.3333333333333333,闕,227
136,0.3333333333333333,邊,1216
136,0.3333333333333333,胡,1055
136,0.3333333333333333,塞,965
136,0.3333333333333333,馬,757
136,0.3333333333333333,關,736
136,0.3333333333333333,沙,731
136,0.3333333333333333,城,669
136,0.3333333333333333,漢,647
136,0.3333333333333333,河,612
136,0.3333333333333333,征,520
136,0.3333333333333333,戰,486
136,0.3333333333333333,隴,428
136,0.3333333333333333,戍,417
136,0.3333333333333333,北,395
136,0.3333333333333333,將,372
136,0.3333333333333333,西,357
136,0.3333333333333333,軍,351
136,0.3333333333333333,兵,321
136,0.3333333333333333,雁,306
136,0.3333333333333333,雪,302
137,0.3333333333333333,千,3613
137,0.3333333333333333,萬,3496
137,0.3333333333333333,里,2888
137,0.3333333333333333,一,1434
137,0.3333333333333333,三,727
137,0.3333333333333333,百,601
137,0.3333333333333333,年,370
137,0.3333333333333333,五,290
137,0.3333333333333333,風,285
137,0.3333333333333333,重,284
137,0.3333333333333333,盡,165
137,0.3333333333333333,十,159
137,0.3333333333333333,平,157
137,0.3333333333333333,山,135
137,0.3333333333333333,數,122
137,0.3333333333333333,載,116
137,0.3333333333333333,外,110
137,0.3333333333333333,日,85
137,0.3333333333333333,仞,80
137,0.3333333333333333,長,80
138,0.3333333333333333,人,1463
138,0.3333333333333333,塵,1403
138,0.3333333333333333,春,939
138,0.3333333333333333,新,909
138,0.3333333333333333,親,884
138,0.3333333333333333,身,875
138,0.3333333333333333,勤,597
138,0.3333333333333333,鄰,563
138,0.3333333333333333,殷,514
138,0.3333333333333333,頻,467
138,0.3333333333333333,津,450
138,0.3333333333333333,巾,365
138,0.3333333333333333,輪,336
138,0.3333333333333333,為,323
138,0.3333333333333333,濱,316
138,0.3333333333333333,辛,310
138,0.3333333333333333,真,270
138,0.3333333333333333,貧,266
138,0.3333333333333333,辰,236
138,0.3333333333333333,臣,210
139,0.3333333333333333,時,974
139,0.3333333333333333,已,653
139,0.3333333333333333,復,635
139,0.3333333333333333,此,611
139,0.3333333333333333,今,544
139,0.3333333333333333,悲,537
139,0.3333333333333333,何,534
139,0.3333333333333333,獨,509
139,0.3333333333333333,日,471
139,0.3333333333333333,傷,451
139,0.3333333333333333,心,434
139,0.3333333333333333,歎,393
139,0.3333333333333333,見,383
139,0.3333333333333333,故,351
139,0.3333333333333333,誰,327
139,0.3333333333333333,歲,314
139,0.3333333333333333,感,304
139,0.3333333333333333,苦,298
139,0.3333333333333333,長,296
139,0.3333333333333333,淚,295
140,0.3333333333333333,高,1270
140,0.3333333333333333,登,954
140,0.3333333333333333,臨,786
140,0.3333333333333333,雲,532
140,0.3333333333333333,遠,525
140,0.3333333333333333,望,470
140,0.3333333333333333,景,381
140,0.3333333333333333,清,353
140,0.3333333333333333,亭,352
140,0.3333333333333333,川,334
140,0.3333333333333333,層,326
140,0.3333333333333333,閣,306
140,0.3333333333333333,軒,292
140,0.3333333333333333,煙,239
140,0.3333333333333333,山,224
140,0.3333333333333333,危,220
140,0.3333333333333333,出,220
140,0.3333333333333333,憑,215
140,0.3333333333333333,遊,205
140,0.3333333333333333,步,205
141,0.3333333333333333,斷,1387
141,0.3333333333333333,江,956
141,0.3333333333333333,愁,812
141,0.3333333333333333,雨,805
141,0.3333333333333333,猿,730
141,0.3333333333333333,夢,648
141,0.3333333333333333,腸,643
141,0.3333333333333333,巴,598
141,0.3333333333333333,峽,537
141,0.3333333333333333,山,456
141,0.3333333333333333,蜀,444
141,0.3333333333333333,聲,433
141,0.3333333333333333,巫,417
141,0.3333333333333333,啼,413
141,0.3333333333333333,淚,402
141,0.3333333333333333,夜,363
141,0.3333333333333333,魂,360
141,0.3333333333333333,楚,299
141,0.3333333333333333,三,292
141,0.3333333333333333,杜,250
142,0.3333333333333333,之,2547
142,0.3333333333333333,兮,1652
142,0.3333333333333333,不,1274
142,0.3333333333333333,有,909
142,0.3333333333333333,其,867
142,0.3333333333333333,以,857
142,0.3333333333333333,我,744
142,0.3333333333333333,於,657
142,0.3333333333333333,為,634
142,0.3333333333333333,而,578
142,0.3333333333333333,如,487
142,0.3333333333333333,可,430
142,0.3333333333333333,爾,388
142,0.3333333333333333,何,373
142,0.3333333333333333,吾,334
142,0.3333333333333333,者,325
142,0.3333333333333333,與,314
142,0.3333333333333333,子,306
142,0.3333333333333333,天,279
142,0.3333333333333333,人,227
143,0.3333333333333333,馬,2767
143,0.3333333333333333,金,692
143,0.3333333333333333,車,622
143,0.3333333333333333,騎,597
143,0.3333333333333333,鞭,491
143,0.3333333333333333,長,463
143,0.3333333333333333,行,420
143,0.3333333333333333,出,381
143,0.3333333333333333,門,376
143,0.3333333333333333,白,369
143,0.3333333333333333,走,326
143,0.3333333333333333,青,321
143,0.3333333333333333,塵,317
143,0.3333333333333333,黃,296
143,0.3333333333333333,鞍,267
143,0.3333333333333333,少,257
143,0.3333333333333333,嘶,249
143,0.3333333333333333,蹄,245
143,0.3333333333333333,馳,234
143,0.3333333333333333,驅,225
144,0.3333333333333333,聲,1421
144,0.3333333333333333,曲,997
144,0.3333333333333333,弦,834
144,0.3333333333333333,聽,704
144,0.3333333333333333,琴,673
144,0.3333333333333333,音,564
144,0.3333333333333333,調,494
144,0.3333333333333333,彈,463
144,0.3333333333333333,管,444
144,0.3333333333333333,聞,417
144,0.3333333333333333,清,370
144,0.3333333333333333,玉,326
144,0.3333333333333333,歌,266
144,0.3333333333333333,一,264
144,0.3333333333333333,瑟,258
144,0.3333333333333333,奏,244
144,0.3333333333333333,鳴,240
144,0.3333333333333333,韻,232
144,0.3333333333333333,指,212
144,0.3333333333333333,唱,193
145,0.3333333333333333,人,1391
145,0.3333333333333333,事,1275
145,0.3333333333333333,是,1079
145,0.3333333333333333,世,1016
145,0.3333333333333333,無,844
145,0.3333333333333333,身,838
145,0.3333333333333333,間,802
145,0.3333333333333333,何,748
145,0.3333333333333333,閒,696
145,0.3333333333333333,塵,672
145,0.3333333333333333,一,571
145,0.3333333333333333,此,559
145,0.3333333333333333,心,533
145,0.3333333333333333,外,379
145,0.3333333333333333,自,341
145,0.3333333333333333,生,286
145,0.3333333333333333,知,285
145,0.3333333333333333,非,275
145,0.3333333333333333,了,227
145,0.3333333333333333,擾,220
146,0.3333333333333333,天,909
146,0.3333333333333333,聖,530
146,0.3333333333333333,萬,503
146,0.3333333333333333,大,489
146,0.3333333333333333,王,444
146,0.3333333333333333,臣,437
146,0.3333333333333333,國,422
146,0.3333333333333333,皇,418
146,0.3333333333333333,帝,411
146,0.3333333333333333,太,388
146,0.3333333333333333,德,329
146,0.3333333333333333,元,301
146,0.3333333333333333,賢,266
146,0.3333333333333333,功,249
146,0.3333333333333333,堯,238
146,0.3333333333333333,業,230
146,0.3333333333333333,武,227
146,0.3333333333333333,唐,222
146,0.3333333333333333,四,217
146,0.3333333333333333,正,213
147,0.3333333333333333,生,981
147,0.3333333333333333,死,849
147,0.3333333333333333,悲,793
147,0.3333333333333333,不,652
147,0.3333333333333333,哭,574
147,0.3333333333333333,骨,556
147,0.3333333333333333,哀,475
147,0.3333333333333333,何,452
147,0.3333333333333333,無,402
147,0.3333333333333333,傷,329
147,0.3333333333333333,古,329
147,0.3333333333333333,淚,311
147,0.3333333333333333,白,307
147,0.3333333333333333,泣,300
147,0.3333333333333333,人,296
147,0.3333333333333333,沒,292
147,0.3333333333333333,孤,265
147,0.3333333333333333,血,261
147,0.3333333333333333,埋,244
147,0.3333333333333333,復,242
148,0.3333333333333333,一,2135
148,0.3333333333333333,不,1206
148,0.3333333333333333,三,1112
148,0.3333333333333333,兩,1018
148,0.3333333333333333,百,979
148,0.3333333333333333,尺,718
148,0.3333333333333333,中,713
148,0.3333333333333333,得,505
148,0.3333333333333333,五,494
148,0.3333333333333333,來,442
148,0.3333333333333333,數,419
148,0.3333333333333333,雙,407
148,0.3333333333333333,見,375
148,0.3333333333333333,四,339
148,0.3333333333333333,相,327
148,0.3333333333333333,人,317
148,0.3333333333333333,下,300
148,0.3333333333333333,白,289
148,0.3333333333333333,上,276
148,0.3333333333333333,面,258
149,0.3333333333333333,無,1158
149,0.3333333333333333,非,999
149,0.3333333333333333,不,974
149,0.3333333333333333,有,929
149,0.3333333333333333,亦,916
149,0.3333333333333333,自,598
149,0.3333333333333333,道,591
149,0.3333333333333333,與,545
149,0.3333333333333333,可,497
149,0.3333333333333333,豈,480
149,0.3333333333333333,在,463
149,0.3333333333333333,此,436
149,0.3333333333333333,物,422
149,0.3333333333333333,所,421
149,0.3333333333333333,吾,392
149,0.3333333333333333,雖,387
149,0.3333333333333333,終,385
149,0.3333333333333333,然,369
149,0.3333333333333333,常,336
149,0.3333333333333333,得,329
150,0.3333333333333333,寒,1434
150,0.3333333333333333,難,1333
150,0.3333333333333333,蕭,998
150,0.3333333333333333,看,777
150,0.3333333333333333,長,721
150,0.3333333333333333,安,639
150,0.3333333333333333,殘,578
150,0.3333333333333333,干,529
150,0.3333333333333333,端,490
150,0.3333333333333333,闌,471
150,0.3333333333333333,條,441
150,0.3333333333333333,風,402
150,0.3333333333333333,易,325
150,0.3333333333333333,憑,307
150,0.3333333333333333,盤,294
150,0.3333333333333333,寬,279
150,0.3333333333333333,倚,279
150,0.3333333333333333,落,270
150,0.3333333333333333,歡,242
150,0.3333333333333333,盡,229
